school,city,region,conference,division
Abilene Christian,"Abilene, Texas",Mid South,Western Athletic Conference,NCAA D1
Alabama A&M University,"North Normal, Alabama",South East,Southwestern Athletic Conference,NCAA D1
Alabama State,"Montgomery, Alabama",South East,Southwestern Athletic Conference,NCAA D1
Alcorn State,"Lorman, Mississippi",Mid South,Southwestern Athletic Conference,NCAA D1
American University,"Washington, District Of Columbia",North East,Patriot League,NCAA D1
Appalachian State,"Boone, North Carolina",Mid East,Sun Belt Conference,NCAA D1
Arizona State,"Tempe, Arizona",South West,PAC-12 Conference,NCAA D1
Arkansas State,"Jonesboro, Arkansas",Mid South,Sun Belt Conference,NCAA D1
Auburn,"Auburn, Alabama",South East,Southeastern Conference,NCAA D1
Austin Peay State University,"Clarksville, Tennessee",Mid East,Ohio Valley Conference,NCAA D1
Ball State University,"Muncie, Indiana",Great Lakes,Mid-American Conference,NCAA D1
Baylor,"Waco, Texas",Mid South,Big 12 Conference,NCAA D1
Bellarmine,"Louisville, Kentucky",Mid East,ASUN Conference,NCAA D1
Belmont,"Nashville, Tennessee",Mid East,Ohio Valley Conference,NCAA D1
Bethune-Cookman,"Daytona Beach, Florida",South East,Southwestern Athletic Conference,NCAA D1
Boise State,"Boise, Idaho",North West,Mountain West Conference,NCAA D1
Boston College,"Chestnut Hill, Massachusetts",New England,Atlantic Coast Conference,NCAA D1
Boston University,"Boston, Massachusetts",New England,Patriot League,NCAA D1
Bowling Green,"Bowling Green, Ohio",Great Lakes,Mid-American Conference,NCAA D1
Bradley,"Peoria, Illinois",Great Lakes,Missouri Valley Conference,NCAA D1
BYU,"Provo, Utah",South West,West Coast Conference,NCAA D1
Brown,"Providence, Rhode Island",New England,Ivy League,NCAA D1
Bryant,"Smithfield, Rhode Island",New England,Northeast Conference,NCAA D1
Bucknell,"Lewisburg, Pennsylvania",North East,Patriot League,NCAA D1
Butler,"Indianapolis, Indiana",Great Lakes,Big East Conference,NCAA D1
California Baptist,"Riverside, California",West Coast,Western Athletic Conference,NCAA D1
CAL POLY,"San Luis Obispo, California",West Coast,Big West Conference,NCAA D1
California State – Bakersfield,"Bakersfield, California",West Coast,Big West Conference,NCAA D1
FRESNO STATE,"Fresno, California",West Coast,Mountain West Conference,NCAA D1
CAL STATE FULLERTON,"Fullerton, California",West Coast,Big West Conference,NCAA D1
CAL STATE LONG BEACH,"Long Beach, California",West Coast,Big West Conference,NCAA D1
California State – Northridge,"Northridge, California",West Coast,Big West Conference,NCAA D1
California State – Sacramento,"Sacramento, California",West Coast,Big Sky Conference,NCAA D1
Campbell,"Buies Creek, North Carolina",Mid East,Big South Conference,NCAA D1
Canisius College,"Buffalo, New York",North East,Metro Atlantic Athletic Conference,NCAA D1
Central Connecticut State University,"New Britain, Connecticut",New England,Northeast Conference,NCAA D1
Central Michigan University,"Mount Pleasant, Michigan",Great Lakes,Mid-American Conference,NCAA D1
Charleston Southern,"Charleston, South Carolina",South East,Big South Conference,NCAA D1
Chicago State,"Chicago, Illinois",Great Lakes,Western Athletic Conference,NCAA D1
Clemson,"Clemson, South Carolina",South East,Atlantic Coast Conference,NCAA D1
Cleveland State University,"Cleveland, Ohio",Great Lakes,Horizon League,NCAA D1
Coastal Carolina,"Conway, South Carolina",South East,Sun Belt Conference,NCAA D1
Colgate,"Hamilton, New York",North East,Patriot League,NCAA D1
College of Charleston,"Charleston, South Carolina",South East,Colonial Athletic Association,NCAA D1
HOLY CROSS,"Worcester, Massachusetts",New England,Patriot League,NCAA D1
Colorado State,"Fort Collins, Colorado",South West,Mountain West Conference,NCAA D1
Columbia,"New York, New York",North East,Ivy League,NCAA D1
Coppin State,"Baltimore, Maryland",North East,Mid-Eastern Athletic Conf.,NCAA D1
Cornell,"Ithaca, New York",North East,Ivy League,NCAA D1
Creighton,"Omaha, Nebraska",Mid West,Big East Conference,NCAA D1
Dartmouth College,"Hanover, New Hampshire",New England,Ivy League,NCAA D1
Davidson,"Davidson, North Carolina",Mid East,Atlantic 10 Conference,NCAA D1
Delaware State University,"Dover, Delaware",North East,Mid-Eastern Athletic Conference,NCAA D1
DePaul,"Chicago, Illinois",Great Lakes,Big East Conference,NCAA D1
Dixie State,"Saint George, Utah",South West,Western Athletic Conference,NCAA D1
Drake,"Des Moines, Iowa",Mid West,Missouri Valley Conference,NCAA D1
Drexel,"Philadelphia, Pennsylvania",North East,Colonial Athletic Association,NCAA D1
Duke,"Durham, North Carolina",Mid East,Atlantic Coast Conference,NCAA D1
Duquesne,"Pittsburgh, Pennsylvania",North East,Atlantic 10 Conference,NCAA D1
East Carolina,"Greenville, North Carolina",Mid East,American Athletic Conference,NCAA D1
East Tennessee State,"Johnson City, Tennessee",Mid East,Southern Conference,NCAA D1
Eastern Illinois,"Charleston, Illinois",Great Lakes,Ohio Valley Conference,NCAA D1
Eastern Kentucky,"Richmond, Kentucky",Mid East,ASUN Conference,NCAA D1
Eastern Michigan,"Ypsilanti, Michigan",Great Lakes,Mid-American Conference,NCAA D1
Eastern Washington,"Cheney, Washington",West Coast,Big Sky Conference,NCAA D1
Elon,"Elon, North Carolina",Mid East,Colonial Athletic Association,NCAA D1
Fairfield,"Fairfield, Connecticut",New England,Metro Atlantic Athletic Conference,NCAA D1
Fairleigh Dickinson,"Teaneck, New Jersey",North East,Northeast Conference,NCAA D1
FLORIDA A&AMP;M,"Tallahassee, Florida",South East,Southwestern Athletic Conf.,NCAA D1
Florida Atlantic,"Boca Raton, Florida",South East,Conference USA,NCAA D1
Florida Gulf Coast,"Fort Myers, Florida",South East,ASUN Conference,NCAA D1
Florida International University,"Miami, Florida",South East,Conference USA,NCAA D1
Florida State,"Tallahassee, Florida",South East,Atlantic Coast Conference,NCAA D1
Fordham,"Bronx, New York",North East,Atlantic 10 Conference,NCAA D1
Furman,"Greenville, South Carolina",South East,Southern Conference,NCAA D1
Gardner-Webb,"Boiling Springs, North Carolina",Mid East,Big South Conference,NCAA D1
George Mason,"Fairfax, Virginia",Mid East,Atlantic 10 Conference,NCAA D1
George Washington,"Washington, District Of Columbia",North East,Atlantic 10 Conference,NCAA D1
Georgetown,"Washington, District Of Columbia",North East,Big East Conference,NCAA D1
GEORGIA SOUTHERN UNIVERSITY,"Statesboro, Georgia",South East,Sun Belt Conference,NCAA D1
Georgia State University,"Atlanta, Georgia",South East,Sun Belt Conference,NCAA D1
Georgia Tech,"Atlanta, Georgia",South East,Atlantic Coast Conference,NCAA D1
Gonzaga,"Spokane, Washington",West Coast,West Coast Conference,NCAA D1
Grambling State,"Grambling, Louisiana",Mid South,Southwestern Athletic Conference,NCAA D1
Grand Canyon,"Phoenix, Arizona",South West,Western Athletic Conference,NCAA D1
Hampton,"Hampton, Virginia",Mid East,Big South Conference,NCAA D1
Harvard University,"Cambridge, Massachusetts",New England,Ivy League,NCAA D1
High Point,"High Point, North Carolina",Mid East,Big South Conference,NCAA D1
Hofstra,"Hempstead, New York",North East,Colonial Athletic Association,NCAA D1
Houston Baptist,"Houston, Texas",Mid South,Southland Conference,NCAA D1
Howard,"Washington, District Of Columbia",North East,Mid-Eastern Athletic Conference,NCAA D1
Idaho State,"Pocatello, Idaho",North West,Big Sky Conference,NCAA D1
Illinois State,"Normal, Illinois",Great Lakes,Missouri Valley Conference,NCAA D1
Indiana State,"Terre Haute, Indiana",Great Lakes,Missouri Valley Football Conference,NCAA D1
Indiana,"Bloomington, Indiana",Great Lakes,Big Ten Conference,NCAA D1
IUPUI,"Indianapolis, Indiana",Great Lakes,Horizon League,NCAA D1
Iona College,"New Rochelle, New York",North East,Metro Atlantic Athletic Conference,NCAA D1
Iowa State,"Ames, Iowa",Mid West,Big 12 Conference,NCAA D1
Jackson State University,"Jackson, Mississippi",Mid South,Southwestern Athletic Conference,NCAA D1
Jacksonville State University,"Jacksonville, Alabama",South East,ASUN Conference,NCAA D1
Jacksonville University,"Jacksonville, Florida",South East,ASUN Conference,NCAA D1
James Madison,"Harrisonburg, Virginia",Mid East,Colonial Athletic Association,NCAA D1
Kansas State,"Manhattan, Kansas",Mid West,Big 12 Conference,NCAA D1
Kennesaw State,"Kennesaw, Georgia",South East,ASUN Conference,NCAA D1
Kent State University,"Kent, Ohio",Great Lakes,Mid-American Conference,NCAA D1
La Salle,"Philadelphia, Pennsylvania",North East,Atlantic 10 Conference,NCAA D1
Lafayette College,"Easton, Pennsylvania",North East,Patriot League,NCAA D1
Lamar,"Beaumont, Texas",Mid South,Western Athletic Conference,NCAA D1
Lehigh,"Bethlehem, Pennsylvania",North East,Patriot League,NCAA D1
Liberty,"Lynchburg, Virginia",Mid East,ASUN Conference,NCAA D1
Lipscomb,"Nashville, Tennessee",Mid East,ASUN Conference,NCAA D1
Long Island,"Brooklyn, New York",North East,Northeast Conference,NCAA D1
Longwood University,"Farmville, Virginia",Mid East,Big South Conference,NCAA D1
LSU,"Baton Rouge, Louisiana",Mid South,Southeastern Conference,NCAA D1
Louisiana Tech,"Ruston, Louisiana",Mid South,Conference USA,NCAA D1
Loyola Marymount,"Los Angeles, California",West Coast,West Coast Conference,NCAA D1
Loyola Chicago,"Chicago, Illinois",Great Lakes,Missouri Valley Conference,NCAA D1
LOYOLA (MD),"Baltimore, Maryland",North East,Patriot League,NCAA D1
Manhattan College,"Riverdale, New York",North East,Metro Atlantic Athletic Conference,NCAA D1
Marist College,"Poughkeepsie, New York",North East,Metro Atlantic Athletic Conference,NCAA D1
Marquette,"Milwaukee, Wisconsin",Great Lakes,Big East Conference,NCAA D1
Marshall,"Huntington, West Virginia",Mid East,Conference USA,NCAA D1
McNeese State University,"Lake Charles, Louisiana",Mid South,Southland Conference,NCAA D1
Mercer University,"Macon, Georgia",South East,Southern Conference,NCAA D1
Merrimack College,"North Andover, Massachusetts",New England,Northeast-10 Conference,NCAA D1
MIAMI UNIVERSITY,"Oxford, Ohio",Great Lakes,Mid-American Conference,NCAA D1
Michigan State,"East Lansing, Michigan",Great Lakes,Big Ten Conference,NCAA D1
Middle Tennessee State,"Murfreesboro, Tennessee",Mid East,Conference USA,NCAA D1
Mississippi State,"Mississippi State, Mississippi",Mid South,Southeastern Conference,NCAA D1
Mississippi Valley State,"Itta Bena, Mississippi",Mid South,Southwestern Athletic Conference,NCAA D1
Missouri State,"Springfield, Missouri",Mid West,Missouri Valley Conference,NCAA D1
Monmouth,"West Long Branch, New Jersey",North East,Metro Atlantic Athletic Conference,NCAA D1
Montana State,"Bozeman, Montana",North West,Big Sky Conference,NCAA D1
Morehead State University,"Morehead, Kentucky",Mid East,Ohio Valley Conference,NCAA D1
Morgan State,"Baltimore, Maryland",North East,Mid-Eastern Athletic Conference,NCAA D1
Mount St. Mary's,"Emmitsburg, Maryland",North East,Northeast Conference,NCAA D1
Murray State,"Murray, Kentucky",Mid East,Ohio Valley Conference,NCAA D1
New Jersey Institute of Technology,"Newark, New Jersey",North East,America East Conference,NCAA D1
New Mexico State,"Las Cruces, New Mexico",South West,Western Athletic Conference,NCAA D1
Niagara,"Niagara University, New York",North East,Metro Atlantic Athletic Conference,NCAA D1
Nicholls State,"Thibodaux, Louisiana",Mid South,Southland Conference,NCAA D1
Norfolk State,"Norfolk, Virginia",Mid East,Mid-Eastern Athletic Conference,NCAA D1
North Carolina A&T State,"Greensboro, North Carolina",Mid East,Big South Conference,NCAA D1
NC CENTRAL,"Durham, North Carolina",Mid East,Mid-Eastern Athletic Conference,NCAA D1
NC State,"Raleigh, North Carolina",Mid East,Atlantic Coast Conference,NCAA D1
North Dakota State,"Fargo, North Dakota",North West,The Summit League,NCAA D1
Northeastern University,"Boston, Massachusetts",New England,Colonial Athletic Association,NCAA D1
Northern Arizona University,"Flagstaff, Arizona",South West,Big Sky Conference,NCAA D1
Northern Illinois,"DeKalb, Illinois",Great Lakes,Mid-American Conference,NCAA D1
Northern Kentucky,"Highland Heights, Kentucky",Mid East,Horizon League,NCAA D1
NORTHWESTERN STATE UNIVERSITY,"Natchitoches, Louisiana",Mid South,Southland Conference,NCAA D1
Northwestern,"Evanston, Illinois",Great Lakes,Big Ten Conference,NCAA D1
Oakland,"Rochester, Michigan",Great Lakes,Horizon League,NCAA D1
Ohio State,"Columbus, Ohio",Great Lakes,Big Ten Conference,NCAA D1
Ohio University,"Athens, Ohio",Great Lakes,Mid-American Conference,NCAA D1
Oklahoma State,"Stillwater, Oklahoma",Mid South,Big 12 Conference,NCAA D1
Old Dominion,"Norfolk, Virginia",Mid East,Conference USA,NCAA D1
Oral Roberts,"Tulsa, Oklahoma",Mid South,The Summit League,NCAA D1
Oregon State,"Corvallis, Oregon",West Coast,Pacific-12 Conference,NCAA D1
Penn State,"University Park, Pennsylvania",North East,Big Ten Conference,NCAA D1
Pepperdine,"Malibu, California",West Coast,West Coast Conference,NCAA D1
Portland State,"Portland, Oregon",West Coast,Big Sky Conference,NCAA D1
Prairie View A & M,"Prairie View, Texas",Mid South,Southwestern Athletic Conference,NCAA D1
Presbyterian College,"Clinton, South Carolina",South East,Big South Conference,NCAA D1
Princeton,"Princeton, New Jersey",North East,Ivy League,NCAA D1
Providence,"Providence, Rhode Island",New England,Big East Conference,NCAA D1
Purdue,"West Lafayette, Indiana",Great Lakes,Big Ten Conference,NCAA D1
PURDUE-FORT WAYNE,"Fort Wayne, Indiana",Great Lakes,Horizon League,NCAA D1
Quinnipiac,"Hamden, Connecticut",New England,Metro Atlantic Athletic Conference,NCAA D1
Radford,"Radford, Virginia",Mid East,Big South Conference,NCAA D1
Rice University,"Houston, Texas",Mid South,Conference USA,NCAA D1
Rider University,"Lawrenceville, New Jersey",North East,Metro Atlantic Athletic Conference,NCAA D1
Robert Morris – Pennsylvania,"Moon Township, Pennsylvania",North East,Horizon League,NCAA D1
Rutgers University,"Piscataway, New Jersey",North East,Big Ten Conference,NCAA D1
Sacred Heart,"Fairfield, Connecticut",New England,Metro Atlantic Athletic Conference,NCAA D1
Saint Francis,"Loretto, Pennsylvania",North East,Northeast Conference,NCAA D1
Saint Joseph's,"Philadelphia, Pennsylvania",North East,Atlantic 10 Conference,NCAA D1
Saint Louis,"St. Louis, Missouri",Mid West,Atlantic 10 Conference,NCAA D1
SAINT MARY'S,"Moraga, California",West Coast,West Coast Conference,NCAA D1
Saint Peter's,"Jersey City, New Jersey",North East,Metro Atlantic Athletic Conference,NCAA D1
Sam Houston State,"Huntsville, Texas",Mid South,Western Athletic Conference,NCAA D1
Samford,"Birmingham, Alabama",South East,Southern Conference,NCAA D1
San Diego State,"San Diego, California",West Coast,Mountain West Conference,NCAA D1
San Jose State,"San Jose, California",West Coast,Mountain West Conference,NCAA D1
Santa Clara,"Santa Clara, California",West Coast,West Coast Conference,NCAA D1
Seattle,"Seattle, Washington",West Coast,Western Athletic Conference,NCAA D1
Seton Hall,"South Orange, New Jersey",North East,Big East Conference,NCAA D1
Siena College,"Loudonville, New York",North East,Metro Atlantic Athletic Conference,NCAA D1
South Carolina State,"Orangeburg, South Carolina",South East,Mid-Eastern Athletic Conference,NCAA D1
South Dakota State,"Brookings, South Dakota",North West,The Summit League,NCAA D1
SE MISSOURI STATE,"Cape Girardeau, Missouri",Mid West,Ohio Valley Conference,NCAA D1
Southeastern Louisiana,"Hammond, Louisiana",Mid South,Southland Conference,NCAA D1
SOUTHERN ILLINOIS,"Carbondale, Illinois",Great Lakes,Missouri Valley Conference,NCAA D1
Southern Illinois Edwardsville,"Edwardsville, Illinois",Great Lakes,Ohio Valley Conference,NCAA D1
SMU,"Dallas, Texas",Mid South,American Athletic Conference,NCAA D1
SOUTHERN UNIVERSITY AND A&AMP;M COLLEGE,"Baton Rouge, Louisiana",Mid South,Southwestern Athletic Conference,NCAA D1
Southern Utah,"Cedar City, Utah",South West,Big Sky Conference,NCAA D1
St. Bonaventure,"Saint Bonaventure, New York",North East,Atlantic 10 Conference,NCAA D1
St. Francis College,"Brooklyn Heights, New York",North East,Northeast Conference,NCAA D1
St. John's,"Queens, New York",North East,Big East Conference,NCAA D1
Stanford,"Stanford, California",West Coast,Pacific-12 Conference,NCAA D1
Stephen F Austin State,"Nacogdoches, Texas",Mid South,Western Athletic Conference,NCAA D1
Stetson,"DeLand, Florida",South East,ASUN Conference,NCAA D1
SUNY Binghamton,"Vestal, New York",North East,America East Conference,NCAA D1
STONY BROOK UNIVERSITY,"Stony Brook, New York",North East,America East Conference,NCAA D1
SUNY at Albany,"Albany, New York",North East,America East Conference,NCAA D1
SUNY at Buffalo,"Buffalo, New York",North East,Mid-American Conference,NCAA D1
Syracuse,"Syracuse, New York",North East,Atlantic Coast Conference,NCAA D1
Tarleton State,"Stephenville, Texas",Mid South,Western Athletic Conference,NCAA D1
Temple,"Philadelphia, Pennsylvania",North East,American Athletic Conference,NCAA D1
Tennessee State,"Nashville, Tennessee",Mid East,Ohio Valley Conference,NCAA D1
Tennessee Technological University,"Cookeville, Tennessee",Mid East,Ohio Valley Conference,NCAA D1
TEXAS A&AMP;M,"College Station, Texas",Mid South,Southeastern Conference,NCAA D1
Texas A&M – Corpus Christi,"Corpus Christi, Texas",Mid South,Southland Conference,NCAA D1
TCU,"Fort Worth, Texas",Mid South,Big 12 Conference,NCAA D1
Texas Southern,"Houston, Texas",Mid South,Southwestern Athletic Conference,NCAA D1
Texas State University,"San Marcos, Texas",Mid South,Sun Belt Conference,NCAA D1
Texas Tech,"Lubbock, Texas",Mid South,Big 12 Conference,NCAA D1
The Citadel,"Charleston, South Carolina",South East,Southern Conference,NCAA D1
Towson University,"Towson, Maryland",North East,Colonial Athletic Association,NCAA D1
Troy,"Troy, Alabama",South East,Sun Belt Conference,NCAA D1
Tulane,"New Orleans, Louisiana",Mid South,American Athletic Conference,NCAA D1
United States Air Force Academy,"USAFA, Colorado",South West,Mountain West Conference,NCAA D1
United States Military Academy,"West Point, New York",North East,Patriot League,NCAA D1
United States Naval Academy,"Annapolis, Maryland",North East,Patriot League,NCAA D1
Akron,"Akron, Ohio",Great Lakes,Mid-American Conference,NCAA D1
Alabama,"Tuscaloosa, Alabama",South East,Southeastern Conference,NCAA D1
UAB,"Birmingham, Alabama",South East,Conference USA,NCAA D1
Arizona,"Tucson, Arizona",South West,Pacific-12 Conference,NCAA D1
Arkansas,"Fayetteville, Arkansas",Mid South,Southeastern Conference,NCAA D1
LITTLE ROCK,"Little Rock, Arkansas",Mid South,Sun Belt Conference,NCAA D1
Arkansas at Pine Bluff,"Pine Bluff, Arkansas",Mid South,Southwestern Athletic Conference,NCAA D1
California,"Berkeley, California",West Coast,Pacific-12 Conference,NCAA D1
California – Davis,"Davis, California",West Coast,Big West Conference,NCAA D1
California – Irvine,"Irvine, California",West Coast,Big West Conference,NCAA D1
UCLA,"Los Angeles, California",West Coast,Pacific-12 Conference,NCAA D1
California – Riverside,"Riverside, California",West Coast,Big West Conference,NCAA D1
California – San Diego,"La Jolla, California",West Coast,Big West Conference,NCAA D1
UC SANTA BARBARA,"Santa Barbara, California",West Coast,Big West Conference,NCAA D1
UNIVERSITY OF CENTRAL ARKANSAS,"Conway, Arkansas",Mid South,ASUN Conference,NCAA D1
Central Florida,"Orlando, Florida",South East,American Athletic Conference,NCAA D1
Cincinnati,"Cincinnati, Ohio",Great Lakes,American Athletic Conference,NCAA D1
COLORADO,"Boulder, Colorado",South West,Pacific-12 Conference,NCAA D1
UCONN,"Storrs, Connecticut",New England,Big East Conference,NCAA D1
Dayton,"Dayton, Ohio",Great Lakes,Atlantic 10 Conference,NCAA D1
University of Delaware,"Newark, Delaware",North East,Colonial Athletic Association,NCAA D1
Denver,"Denver, Colorado",South West,The Summit League,NCAA D1
Detroit Mercy,"Detroit, Michigan",Great Lakes,Horizon League,NCAA D1
Evansville,"Evansville, Indiana",Great Lakes,Missouri Valley Conference,NCAA D1
Florida,"Gainesville, Florida",South East,Southeastern Conference,NCAA D1
Georgia,"Athens, Georgia",South East,Southeastern Conference,NCAA D1
Hawaii,"Honolulu, Hawaii",West Coast,Big West Conference,NCAA D1
Houston,"Houston, Texas",Mid South,American Athletic Conference,NCAA D1
Idaho,"Moscow, Idaho",North West,Big Sky Conference,NCAA D1
Illinois,"Champaign, Illinois",Great Lakes,Big Ten Conference,NCAA D1
Illinois at Chicago,"Chicago, Illinois",Great Lakes,Horizon League,NCAA D1
Iowa,"Iowa City, Iowa",Mid West,Big Ten Conference,NCAA D1
Kansas,"Lawrence, Kansas",Mid West,Big 12 Conference,NCAA D1
Kentucky,"Lexington, Kentucky",Mid East,Southeastern Conference,NCAA D1
Louisiana,"Lafayette, Louisiana",Mid South,Sun Belt Conference,NCAA D1
LOUISIANA-MONROE,"Monroe, Louisiana",Mid South,Sun Belt Conference,NCAA D1
Louisville,"Louisville, Kentucky",Mid East,Atlantic Coast Conference,NCAA D1
Maine,"Orono, Maine",New England,America East Conference,NCAA D1
Maryland,"College Park, Maryland",North East,Big Ten Conference,NCAA D1
Maryland – Baltimore County,"Baltimore, Maryland",North East,America East Conference,NCAA D1
Maryland Eastern Shore,"Princess Anne, Maryland",North East,Mid-Eastern Athletic Conference,NCAA D1
UMASS,"Amherst, Massachusetts",New England,Atlantic 10 Conference,NCAA D1
Massachusetts – Lowell,"Lowell, Massachusetts",New England,America East Conference,NCAA D1
Memphis,"Memphis, Tennessee",Mid East,American Athletic Conference,NCAA D1
MIAMI (FL),"Coral Gables, Florida",South East,Atlantic Coast Conference,NCAA D1
Michigan,"Ann Arbor, Michigan",Great Lakes,Big Ten Conference,NCAA D1
Minnesota,"Minneapolis, Minnesota",Mid West,Big Ten Conference,NCAA D1
OLE MISS,"University, Mississippi",Mid South,Southeastern Conference,NCAA D1
Missouri,"Columbia, Missouri",Mid West,Southeastern Conference,NCAA D1
Missouri – Kansas City,"Kansas City, Missouri",Mid West,The Summit League,NCAA D1
Montana,"Missoula, Montana",North West,Big Sky Conference,NCAA D1
Nebraska,"Lincoln, Nebraska",Mid West,Big Ten Conference,NCAA D1
Nebraska at Omaha,"Omaha, Nebraska",Mid West,The Summit League,NCAA D1
UNLV,"Las Vegas, Nevada",South West,Mountain West Conference,NCAA D1
Nevada,"Reno, Nevada",South West,Mountain West Conference,NCAA D1
New Hampshire,"Durham, New Hampshire",New England,America East Conference,NCAA D1
New Mexico,"Albuquerque, New Mexico",South West,Mountain West Conference,NCAA D1
New Orleans,"New Orleans, Louisiana",Mid South,Southland Conference,NCAA D1
North Alabama,"Florence, Alabama",South East,ASUN Conference,NCAA D1
North Carolina – Greensboro,"Greensboro, North Carolina",Mid East,Southern Conference,NCAA D1
UNC WILMINGTON,"Wilmington, North Carolina",Mid East,Colonial Athletic Association,NCAA D1
North Carolina Asheville,"Asheville, North Carolina",Mid East,Big South Conference,NCAA D1
UNC,"Chapel Hill, North Carolina",Mid East,Atlantic Coast Conference,NCAA D1
UNC CHARLOTTE,"Charlotte, North Carolina",Mid East,Conference USA,NCAA D1
University of North Dakota,"Grand Forks, North Dakota",North West,The Summit League,NCAA D1
North Florida,"Jacksonville, Florida",South East,ASUN Conference,NCAA D1
UNIVERSITY OF NORTH TEXAS,"Denton, Texas",Mid South,Conference USA,NCAA D1
Northern Colorado,"Greeley, Colorado",South West,Big Sky Conference,NCAA D1
Northern Iowa,"Cedar Falls, Iowa",Mid West,Missouri Valley Conference,NCAA D1
Notre Dame,"Notre Dame, Indiana",Great Lakes,Atlantic Coast Conference,NCAA D1
Oklahoma,"Norman, Oklahoma",Mid South,Big 12 Conference,NCAA D1
Oregon,"Eugene, Oregon",West Coast,Pacific-12 Conference,NCAA D1
Penn,"Philadelphia, Pennsylvania",North East,Ivy League,NCAA D1
PITT,"Pittsburgh, Pennsylvania",North East,Atlantic Coast Conference,NCAA D1
University of Portland,"Portland, Oregon",West Coast,West Coast Conference,NCAA D1
Rhode Island,"Kingston, Rhode Island",New England,Atlantic 10 Conference,NCAA D1
Richmond,Virginia,Mid East,Atlantic 10 Conference,NCAA D1
San Diego,"San Diego, California",West Coast,West Coast Conference,NCAA D1
San Francisco,"San Francisco, California",West Coast,West Coast Conference,NCAA D1
South Alabama,"Mobile, Alabama",South East,Sun Belt Conference,NCAA D1
South Carolina,"Columbia, South Carolina",South East,Southeastern Conference,NCAA D1
USC UPSTATE,"Spartanburg, South Carolina",South East,Big South Conference,NCAA D1
South Dakota,"Vermillion, South Dakota",North West,The Summit League,NCAA D1
South Florida,"Tampa, Florida",South East,American Athletic Conference,NCAA D1
USC,"Los Angeles, California",West Coast,Pacific-12 Conference,NCAA D1
SOUTHERN MISS,"Hattiesburg, Mississippi",Mid South,Conference USA,NCAA D1
St. Thomas – Minnesota,"Saint Paul, Minnesota",Mid West,The Summit League,NCAA D1
Tennessee,"Knoxville, Tennessee",Mid East,Southeastern Conference,NCAA D1
Tennessee – Chattanooga,"Chattanooga, Tennessee",Mid East,Southern Conference,NCAA D1
UNIVERSITY OF TENNESSEE AT MARTIN,"Martin, Tennessee",Mid East,Ohio Valley Conference,NCAA D1
UT ARLINGTON,"Arlington, Texas",Mid South,Sun Belt Conference,NCAA D1
TEXAS,"Austin, Texas",Mid South,Big 12 Conference,NCAA D1
TEXAS-EL PASO,"El Paso, Texas",Mid South,Conference USA,NCAA D1
Texas – Rio Grande Valley,"Edinburg, Texas",Mid South,Western Athletic Conference,NCAA D1
TEXAS-SAN ANTONIO,"San Antonio, Texas",Mid South,Conference USA,NCAA D1
the Incarnate Word,"San Antonio, Texas",Mid South,Southland Conference,NCAA D1
UNIVERSITY OF THE PACIFIC,"Stockton, California",West Coast,West Coast Conference,NCAA D1
Toledo,"Toledo, Ohio",Great Lakes,Mid-American Conference,NCAA D1
Tulsa,"Tulsa, Oklahoma",Mid South,American Athletic Conference,NCAA D1
Utah,"Salt Lake City, Utah",South West,Pacific-12 Conference,NCAA D1
UNIVERSITY OF VERMONT,"Burlington, Vermont",New England,America East Conference,NCAA D1
Virginia,"Charlottesville, Virginia",Mid East,Atlantic Coast Conference,NCAA D1
Washington,"Seattle, Washington",West Coast,Pacific-12 Conference,NCAA D1
Wisconsin,"Madison, Wisconsin",Great Lakes,Big Ten Conference,NCAA D1
GREEN BAY,"Green Bay, Wisconsin",Great Lakes,Horizon League,NCAA D1
Wisconsin – Milwaukee,"Milwaukee, Wisconsin",Great Lakes,Horizon League,NCAA D1
Wyoming,"Laramie, Wyoming",North West,Mountain West Conference,NCAA D1
Utah State University,"Logan, Utah",South West,Mountain West Conference,NCAA D1
Utah Valley,"Orem, Utah",South West,Western Athletic Conference,NCAA D1
Valparaiso,"Valparaiso, Indiana",Great Lakes,Missouri Valley Conference,NCAA D1
Vanderbilt,"Nashville, Tennessee",Mid East,Southeastern Conference,NCAA D1
Villanova,"Villanova, Pennsylvania",North East,Big East Conference,NCAA D1
VCU,"Richmond, Virginia",Mid East,Atlantic 10 Conference,NCAA D1
VIRGINIA MILITARY INSTITUTE,"Lexington, Virginia",Mid East,Southern Conference,NCAA D1
Virginia Tech,"Blacksburg, Virginia",Mid East,Atlantic Coast Conference,NCAA D1
Wagner College,"Staten Island, New York",North East,Northeast Conference,NCAA D1
Wake Forest,"Winston-Salem, North Carolina",Mid East,Atlantic Coast Conference,NCAA D1
Washington State,"Pullman, Washington",West Coast,Pacific-12 Conference,NCAA D1
Weber State,"Ogden, Utah",South West,Big Sky Conference,NCAA D1
West Virginia,"Morgantown, West Virginia",Mid East,Big 12 Conference,NCAA D1
Western Carolina University,"Cullowhee, North Carolina",Mid East,Southern Conference,NCAA D1
Western Illinois,"Macomb, Illinois",Great Lakes,The Summit League,NCAA D1
Western Kentucky,"Bowling Green, Kentucky",Mid East,Conference USA,NCAA D1
Western Michigan,"Kalamazoo, Michigan",Great Lakes,Mid-American Conference,NCAA D1
Wichita State,"Wichita, Kansas",Mid West,American Athletic Conference,NCAA D1
WILLIAM &AMP; MARY,"Williamsburg, Virginia",Mid East,Colonial Athletic Association,NCAA D1
Academy of Art,"San Francisco, California",West Coast,Pacific West Conference,NCAA D2
Adams State,"Alamosa, Colorado",South West,Rocky Mountain Athletic Conference,NCAA D2
Adelphi,"Garden City, New York",North East,Northeast-10 Conference,NCAA D2
Albany State,"Albany, Georgia",South East,Southern Intercollegiate Athletic Conference,NCAA D2
Alderson Broaddus,"Philippi, West Virginia",Mid East,Great Midwest Athletic Conference,NCAA D2
Allen,"Columbia, South Carolina",South East,Appalachian Athletic Conference,NCAA D2
American International College,"Springfield, Massachusetts",New England,Northeast-10 Conference,NCAA D2
Anderson – South Carolina,"Anderson, South Carolina",South East,South Atlantic Conference,NCAA D2
Angelo State,"San Angelo, Texas",Mid South,Lone Star Conference,NCAA D2
Arkansas Tech,"Russellville, Arkansas",Mid South,Great American Conference,NCAA D2
Ashland,"Ashland, Ohio",Great Lakes,Great Lakes Intercollegiate Athletic Conference,NCAA D2
Assumption,"Worcester, Massachusetts",New England,Northeast-10 Conference,NCAA D2
Auburn – Montgomery,"Montgomery, Alabama",South East,Gulf South Conference,NCAA D2
AUGUSTA STATE UNIVERSITY,"Augusta, Georgia",South East,Peach Bell Conference (Division II),NCAA D2
Augustana – South Dakota,"Sioux Falls, South Dakota",North West,Northern Sun Intercollegiate Conference,NCAA D2
Azusa Pacific,"Azusa, California",West Coast,Great Northeast Athletic Conference,NCAA D2
Barry,"Miami, Florida",South East,Sunshine State Conference,NCAA D2
Barton College,"Wilson, North Carolina",Mid East,Conference Carolinas,NCAA D2
Belmont Abbey College,"Belmont, North Carolina",Mid East,Conference Carolinas,NCAA D2
Bemidji State,"Bemidji, Minnesota",Mid West,Northern Sun Intercollegiate Conference,NCAA D2
Benedict College,"Columbia, South Carolina",South East,Southern Intercollegiate Athletic Conference,NCAA D2
Bentley,"Waltham, Massachusetts",New England,Northeast-10 Conference,NCAA D2
Biola,"La Mirada, California",West Coast,Pacific West Conference,NCAA D2
Black Hills State,"Spearfish, South Dakota",North West,Rocky Mountain Athletic Conference,NCAA D2
Bloomfield College,"Bloomfield, New Jersey",North East,Central Atlantic Collegiate Conference,NCAA D2
Bloomsburg Pennsylvania,"Bloomsburg, Pennsylvania",North East,Pennsylvania State Athletic Conference,NCAA D2
Bluefield State College,"Bluefield, West Virginia",Mid East,Independent Southeast Region,NCAA D2
Bowie State,"Bowie, Maryland",North East,Central Intercollegiate Athletic Association,NCAA D2
Caldwell,"Caldwell, New Jersey",North East,Central Atlantic Collegiate Conference,NCAA D2
California State Polytechnic – Pomona,"Pomona, California",West Coast,California Collegiate Athletic Association,NCAA D2
California State – Chico,"Chico, California",West Coast,California Collegiate Athletic Association,NCAA D2
California State – Dominguez Hills,"Carson, California",West Coast,California Collegiate Athletic Association,NCAA D2
California State – East Bay,"Hayward, California",West Coast,California Collegiate Athletic Association,NCAA D2
California State – Los Angeles,"Los Angeles, California",West Coast,California Collegiate Athletic Association,NCAA D2
California State – Monterey Bay,"Seaside, California",West Coast,California Collegiate Athletic Association,NCAA D2
CAL STATE SAN BERNARDINO,"San Bernardino, California",West Coast,California Collegiate Athletic Association,NCAA D2
California State – San Marcos,"San Marcos, California",West Coast,California Collegiate Athletic Association,NCAA D2
California State – Stanislaus,"Turlock, California",West Coast,California Collegiate Athletic Association,NCAA D2
California Pennsylvania,"California, Pennsylvania",North East,Pennsylvania State Athletic Conference,NCAA D2
Cameron,"Lawton, Oklahoma",Mid South,Lone Star Conference,NCAA D2
Carson-Newman,"Jefferson City, Tennessee",Mid East,South Atlantic Conference,NCAA D2
Catawba College,"Salisbury, North Carolina",Mid East,South Atlantic Conference,NCAA D2
Cedarville,"Cedarville, Ohio",Great Lakes,Great Midwest Athletic Conference,NCAA D2
Central State,"Wilberforce, Ohio",Great Lakes,Southern Intercollegiate Athletic Conference,NCAA D2
Central Washington,"Ellensburg, Washington",West Coast,Great Northwest Athletic Conference,NCAA D2
Chadron State College,"Chadron, Nebraska",Mid West,Rocky Mountain Athletic Conference,NCAA D2
Chaminade Honolulu,"Honolulu, Hawaii",West Coast,Pacific West Conference,NCAA D2
Chestnut Hill College,"Philadelphia, Pennsylvania",North East,Central Atlantic Collegiate Conference,NCAA D2
Cheyney Pennsylvania,"Cheyney, Pennsylvania",North East,Pennsylvania State Athletic Conference,NCAA D2
Chowan,"Murfreesboro, North Carolina",Mid East,Central Intercollegiate Athletic Association,NCAA D2
Christian Brothers,"Memphis, Tennessee",Mid East,Gulf South Conference,NCAA D2
Claflin,"Orangeburg, South Carolina",South East,Southern Intercollegiate Athletic Conference,NCAA D2
Clarion Pennsylvania,"Clarion, Pennsylvania",North East,Pennsylvania State Athletic Conference,NCAA D2
Clark Atlanta,"Atlanta, Georgia",South East,Southern Intercollegiate Athletic Conference,NCAA D2
Clayton State,"Morrow, Georgia",South East,Peach Belt Conference,NCAA D2
Coker,"Hartsville, South Carolina",South East,South Atlantic Conference,NCAA D2
Colorado Christian,"Lakewood, Colorado",South West,Rocky Mountain Athletic Conference,NCAA D2
Colorado Mesa,"Grand Junction, Colorado",South West,Rocky Mountain Athletic Conference,NCAA D2
Colorado School of Mines,"Golden, Colorado",South West,Rocky Mountain Athletic Conference,NCAA D2
Colorado State – Pueblo,"Pueblo, Colorado",South West,Rocky Mountain Athletic Conference,NCAA D2
Columbus State,"Columbus, Georgia",South East,Peach Belt Conference,NCAA D2
Concord,"Athens, West Virginia",Mid East,Mountain East Conference,NCAA D2
Concordia – Irvine,"Irvine, California",West Coast,Pacific West Conference,NCAA D2
"Concordia, St. Paul – Minnesota","Saint Paul, Minnesota",Mid West,Northern Sun Intercollegiate Conference,NCAA D2
Converse,"Spartanburg, South Carolina",South East,Conference Carolinas,NCAA D2
D'Youville College,"Buffalo, New York",North East,Northeast Conference,NCAA D2
Daemen College,"Amherst, New York",North East,East Coast Conference,NCAA D2
Dallas Baptist,"Dallas, Texas",Mid South,Heartland Conference,NCAA D2
Davenport,"Grand Rapids, Michigan",Great Lakes,Great Lakes Intercollegiate Athletic Conference,NCAA D2
Davis & Elkins College,"Elkins, West Virginia",Mid East,Great Midwest Athletic Conference,NCAA D2
Delta State University,"Cleveland, Mississippi",Mid South,Gulf South Conference,NCAA D2
Dominican College,"Orangeburg, New York",North East,Central Atlantic Collegiate Conference,NCAA D2
Dominican California,"San Rafael, California",West Coast,Pacific West Conference,NCAA D2
Drury,"Springfield, Missouri",Mid West,Great Lakes Valley Conference,NCAA D2
East Central,"Ada, Oklahoma",Mid South,Great American Conference,NCAA D2
East Stroudsburg Pennsylvania,"East Stroudsburg, Pennsylvania",North East,Pennsylvania State Athletic Conference,NCAA D2
Eastern New Mexico,"Portales, New Mexico",South West,Lone Star Conference,NCAA D2
Eckerd College,"St. Petersburg, Florida",South East,Sunshine State Conference,NCAA D2
Edinboro,"Edinboro, Pennsylvania",North East,Pennsylvania State Athletic Conference,NCAA D2
Edward Waters,"Jacksonville, Florida",South East,Mid-South Conference,NCAA D2
Elizabeth City State,"Elizabeth City, North Carolina",Mid East,Central Intercollegiate Athletic Association,NCAA D2
Embry-Riddle Aeronautical,"Daytona Beach, Florida",South East,"NCAA DII, Sunshine State Conference",NCAA D2
Emmanuel College – Georgia,"Franklin Springs, Georgia",South East,Conference Carolinas,NCAA D2
Emory & Henry College,"Emory, Virginia",Mid East,Old Dominion Athletic Conference,NCAA D2
Emporia State,"Emporia, Kansas",Mid West,Mid-America Intercollegiate Athletics Association,NCAA D2
Erskine College,"Due West, South Carolina",South East,Conference Carolinas,NCAA D2
Fairmont State,"Fairmont, West Virginia",Mid East,Mountain East Conference,NCAA D2
Fayetteville State University,"Fayetteville, North Carolina",Mid East,Central Intercollegiate Athletic Association,NCAA D2
Felician,"Lodi, New Jersey",North East,Division II Independents,NCAA D2
Ferris State,"Big Rapids, Michigan",Great Lakes,Great Lakes Intercollegiate Athletic Conference,NCAA D2
Flagler College – St. Augustine,"Saint Augustine, Florida",South East,Peach Belt Conference,NCAA D2
Florida Institute of Technology,"Melbourne, Florida",South East,Gulf South Conference,NCAA D2
Florida Southern College,"Lakeland, Florida",South East,Sunshine State Conference,NCAA D2
Fort Hays State,"Hays, Kansas",Mid West,Mid-America Intercollegiate Athletics Association,NCAA D2
Fort Lewis College,"Durango, Colorado",South West,Rocky Mountain Athletic Conference,NCAA D2
Fort Valley State,"Fort Valley, Georgia",South East,Southern Intercollegiate Athletic Conference,NCAA D2
Francis Marion,"Florence, South Carolina",South East,Peach Belt Conference,NCAA D2
Franklin Pierce,"Rindge, New Hampshire",New England,Other,NCAA D2
Fresno Pacific,"Fresno, California",West Coast,Pacific West Conference,NCAA D2
Frostburg State,"Frostburg, Maryland",North East,New Jersey Athletic Conference,NCAA D2
Gannon,"Erie, Pennsylvania",North East,Pennsylvania State Athletic Conference,NCAA D2
Georgia College & State,"Milledgeville, Georgia",South East,Peach Belt Conference,NCAA D2
Georgia Southwestern State,"Americus, Georgia",South East,Peach Belt Conference,NCAA D2
Georgian Court,"Lakewood, New Jersey",North East,Central Atlantic Collegiate Conference,NCAA D2
Glenville State College,"Glenville, West Virginia",Mid East,Mountain East Conference,NCAA D2
Goldey-Beacom College,"Wilmington, Delaware",North East,Central Atlantic Collegiate Conference,NCAA D2
Grand Valley State,"Allendale, Michigan",Great Lakes,Great Lakes Intercollegiate Athletic Conference,NCAA D2
Harding,"Searcy, Arkansas",Mid South,Great American Conference,NCAA D2
Hawaii Pacific,"Honolulu, Hawaii",West Coast,Pacific West Conference,NCAA D2
Henderson State,"Arkadelphia, Arkansas",Mid South,Great American Conference,NCAA D2
Hillsdale College,"Hillsdale, Michigan",Great Lakes,Great Lakes Intercollegiate Athletic Conference,NCAA D2
Holy Family,"Philadelphia, Pennsylvania",North East,Central Atlantic Collegiate Conference,NCAA D2
Holy Names,"Oakland, California",West Coast,Pacific West Conference,NCAA D2
Humboldt State,"Arcata, California",West Coast,Great Northwest Athletic Conference,NCAA D2
Indiana Pennsylvania,"Indiana, Pennsylvania",North East,Pennsylvania State Athletic Conference,NCAA D2
Johnson C. Smith,"Charlotte, North Carolina",Mid East,Central Intercollegiate Athletic Association,NCAA D2
Kentucky State,"Frankfort, Kentucky",Mid East,Southern Intercollegiate Athletic Conference,NCAA D2
Kentucky Wesleyan College,"Owensboro, Kentucky",Mid East,Great Midwest Athletic Conference,NCAA D2
King – Tennessee,"Bristol, Tennessee",Mid East,Conference Carolinas,NCAA D2
Kutztown Pennsylvania,"Kutztown, Pennsylvania",North East,Pennsylvania State Athletic Conference,NCAA D2
Lake Erie College,"Painesville, Ohio",Great Lakes,Great Midwest Athletic Conference,NCAA D2
Lake Superior State,"Sault Ste Marie, Michigan",Great Lakes,Great Lakes Intercollegiate Athletic Conference,NCAA D2
Lander,"Greenwood, South Carolina",South East,Peach Belt Conference,NCAA D2
Lane College,"Jackson, Tennessee",Mid East,Southern Intercollegiate Athletic Conference,NCAA D2
Le Moyne College,"Syracuse, New York",North East,Northeast-10 Conference,NCAA D2
Lee,"Cleveland, Tennessee",Mid East,Gulf South Conference,NCAA D2
Lees-McRae College,"Banner Elk, North Carolina",Mid East,Conference Carolinas,NCAA D2
LeMoyne-Owen College,"Memphis, Tennessee",Mid East,Southern Intercollegiate Athletic Conference,NCAA D2
Lenoir-Rhyne,"Hickory, North Carolina",Mid East,South Atlantic Conference,NCAA D2
Lewis,"Romeoville, Illinois",Great Lakes,Great Lakes Valley Conference,NCAA D2
Limestone,"Gaffney, South Carolina",South East,South Atlantic Conference,NCAA D2
Lincoln Memorial,"Harrogate, Tennessee",Mid East,South Atlantic Conference,NCAA D2
Lincoln – Missouri,"Jefferson City, Missouri",Mid West,Great Lakes Valley Conference,NCAA D2
Lincoln Pennsylvania,"Lincoln University, Pennsylvania",North East,Central Intercollegiate Athletic Association,NCAA D2
Lindenwood,"Saint Charles, Missouri",Mid West,Mid-America Intercollegiate Athletics Association,NCAA D2
Livingstone College,"Salisbury, North Carolina",Mid East,Central Intercollegiate Athletic Association,NCAA D2
Lock Haven,"Lock Haven, Pennsylvania",North East,Pennsylvania State Athletic Conference,NCAA D2
Lubbock Christian,"Lubbock, Texas",Mid South,Heartland Conference,NCAA D2
Lynn,"Boca Raton, Florida",South East,Sunshine State Conference,NCAA D2
Malone,"Canton, Ohio",Great Lakes,Great Midwest Athletic Conference,NCAA D2
Mansfield Pennsylvania,"Mansfield, Pennsylvania",North East,Pennsylvania State Athletic Conference,NCAA D2
Mars Hill,"Mars Hill, North Carolina",Mid East,South Atlantic Conference,NCAA D2
Maryville,"Saint Louis, Missouri",Mid West,Great Lakes Valley Conference,NCAA D2
McKendree,"Lebanon, Illinois",Great Lakes,Great Lakes Valley Conference,NCAA D2
Mercy College,"Dobbs Ferry, New York",North East,East Coast Conference,NCAA D2
Mercyhurst,"Erie, Pennsylvania",North East,Pennsylvania State Athletic Conference,NCAA D2
Metropolitan State Denver,"Denver, Colorado",South West,Rocky Mountain Athletic Conference,NCAA D2
Michigan Technological,"Houghton, Michigan",Great Lakes,Great Lakes Intercollegiate Athletic Conference,NCAA D2
Midwestern State University,"Wichita Falls, Texas",Mid South,Lone Star Conference,NCAA D2
Miles College,"Fairfield, Alabama",South East,Southern Intercollegiate Athletic Conference,NCAA D2
Millersville Pennsylvania,"Millersville, Pennsylvania",North East,Pennsylvania State Athletic Conference,NCAA D2
Minnesota State – Mankato,"Mankato, Minnesota",Mid West,Northern Sun Intercollegiate Conference,NCAA D2
Minnesota State – Moorhead,"Moorhead, Minnesota",Mid West,Northern Sun Intercollegiate Conference,NCAA D2
Minot State,"Minot, North Dakota",North West,Northern Sun Intercollegiate Conference (NCAA Division II),NCAA D2
Mississippi College,"Clinton, Mississippi",Mid South,Gulf South Conference,NCAA D2
Missouri Southern State,"Joplin, Missouri",Mid West,Mid-America Intercollegiate Athletics Association,NCAA D2
Missouri Science & Technology,"Rolla, Missouri",Mid West,Great Lakes Valley Conference,NCAA D2
Missouri Western State,"St. Joseph, Missouri",Mid West,Mid-America Intercollegiate Athletics Association,NCAA D2
Molloy,"Rockville Centre, New York",North East,East Coast Conference,NCAA D2
Montana State – Billings,"Billings, Montana",North West,Great Northwest Athletic Conference,NCAA D2
Morehouse College,"Atlanta, Georgia",South East,Southern Intercollegiate Athletic Conference,NCAA D2
New Mexico Highlands,"Las Vegas, New Mexico",South West,Rocky Mountain Athletic Conference,NCAA D2
Newberry College,"Newberry, South Carolina",South East,South Atlantic Conference,NCAA D2
Newman,"Wichita, Kansas",Mid West,Heartland Conference,NCAA D2
North Greenville,"Tigerville, South Carolina",South East,Gulf South Conference,NCAA D2
Northeastern State,"Tahlequah, Oklahoma",Mid South,Mid-America Intercollegiate Athletics Association,NCAA D2
Northern Michigan,"Marquette, Michigan",Great Lakes,Great Lakes Intercollegiate Athletic Conference,NCAA D2
Northern State,"Aberdeen, South Dakota",North West,Northern Sun Intercollegiate Conference,NCAA D2
Northwest Missouri State,"Maryville, Missouri",Mid West,Mid-America Intercollegiate Athletics Association,NCAA D2
Northwest Nazarene,"Nampa, Idaho",North West,Great Northwest Athletic Conference,NCAA D2
Northwestern Oklahoma State,"Alva, Oklahoma",Mid South,Great American Conference,NCAA D2
Northwood – Michigan,"Midland, Michigan",Great Lakes,Great Lakes Intercollegiate Athletic Conference,NCAA D2
Notre Dame College,"Cleveland, Ohio",Great Lakes,Mountain East Conference,NCAA D2
Nova Southeastern,"Fort Lauderdale, Florida",South East,Sunshine State Conference,NCAA D2
Nyack College,"New York, New York",North East,Central Atlantic Collegiate Conference,NCAA D2
Ohio Dominican,"Columbus, Ohio",Great Lakes,Great Midwest Athletic Conference,NCAA D2
Oklahoma Baptist,"Shawnee, Oklahoma",Mid South,Great American Conference,NCAA D2
Oklahoma Christian,"Edmond, Oklahoma",Mid South,Heartland Conference,NCAA D2
Ouachita Baptist,"Arkadelphia, Arkansas",Mid South,Great American Conference,NCAA D2
Pace,"New York, New York",North East,Northeast-10 Conference,NCAA D2
Paine College,"Augusta, Georgia",South East,Southern Intercollegiate Athletic Conference,NCAA D2
Palm Beach Atlantic,"West Palm Beach, Florida",South East,Sunshine State Conference,NCAA D2
Pittsburg State,"Pittsburg, Kansas",Mid West,Mid-America Intercollegiate Athletics Association,NCAA D2
Point Loma Nazarene,"San Diego, California",West Coast,Pacific West Conference,NCAA D2
Post,"Waterbury, Connecticut",New England,Central Atlantic Collegiate Conference (Division II),NCAA D2
Purdue – Northwest,"Hammond, Indiana",Great Lakes,Chicagoland Collegiate Athletic Conference,NCAA D2
Queens Charlotte,"Charlotte, North Carolina",Mid East,South Atlantic Conference,NCAA D2
Quincy,"Quincy, Illinois",Great Lakes,Great Lakes Valley Conference,NCAA D2
Regis,"Denver, Colorado",South West,Rocky Mountain Athletic Conference,NCAA D2
Roberts Wesleyan College,"Rochester, New York",North East,East Coast Conference,NCAA D2
Rockhurst,"Kansas City, Missouri",Mid West,Great Lakes Valley Conference,NCAA D2
Rogers State,"Claremore, Oklahoma",Mid South,Heartland Conference,NCAA D2
Rollins College,"Winter Park, Florida",South East,Sunshine State Conference,NCAA D2
Saginaw Valley State,"University Center, Michigan",Great Lakes,Great Lakes Intercollegiate Athletic Conference,NCAA D2
Saint Anselm College,"Manchester, New Hampshire",New England,Northeast-10 Conference,NCAA D2
Saint Augustine's,"Raleigh, North Carolina",Mid East,Central Intercollegiate Athletic Association,NCAA D2
Saint Leo,"Saint Leo, Florida",South East,Sunshine State Conference,NCAA D2
Saint Martin's,"Lacey, Washington",West Coast,Great Northwest Athletic Conference,NCAA D2
Saint Michael's College,"Colchester, Vermont",New England,Northeast-10 Conference,NCAA D2
Salem,"Salem, West Virginia",Mid East,Great Midwest Athletic Conference (NCAA D2),NCAA D2
San Francisco State,"San Francisco, California",West Coast,California Collegiate Athletic Association,NCAA D2
Seattle Pacific,"Seattle, Washington",West Coast,Great Northwest Athletic Conference,NCAA D2
Seton Hill,"Greensburg, Pennsylvania",North East,Pennsylvania State Athletic Conference,NCAA D2
Shaw,"Raleigh, North Carolina",Mid East,Central Intercollegiate Athletic Association,NCAA D2
Shepherd,"Shepherdstown, West Virginia",Mid East,Mountain East Conference,NCAA D2
Shippensburg Pennsylvania,"Shippensburg, Pennsylvania",North East,Pennsylvania State Athletic Conference,NCAA D2
Shorter,"Rome, Georgia",South East,Gulf South Conference,NCAA D2
Slippery Rock,"Slippery Rock, Pennsylvania",North East,Pennsylvania State Athletic Conference,NCAA D2
Sonoma State,"Rohnert Park, California",West Coast,California Collegiate Athletic Association,NCAA D2
South Dakota Mines,"Rapid City, South Dakota",North West,Rocky Mountain Athletic Conference,NCAA D2
Southeastern Oklahoma State,"Durant, Oklahoma",Mid South,Great American Conference,NCAA D2
Southern Arkansas,"Magnolia, Arkansas",Mid South,Great American Conference,NCAA D2
Southern Connecticut State,"New Haven, Connecticut",New England,Northeast-10 Conference,NCAA D2
Southern Nazarene,"Bethany, Oklahoma",Mid South,Great American Conference,NCAA D2
Southern New Hampshire,"Manchester, New Hampshire",New England,Northeast-10 Conference,NCAA D2
Southern Wesleyan,"Central, South Carolina",South East,Conference Carolinas,NCAA D2
Southwest Baptist,"Bolivar, Missouri",Mid West,Great Lakes Valley Conference,NCAA D2
Southwest Minnesota State,"Marshall, Minnesota",Mid West,Northern Sun Intercollegiate Conference,NCAA D2
Southwestern Oklahoma State,"Weatherford, Oklahoma",Mid South,Great American Conference,NCAA D2
Spring Hill College,"Mobile, Alabama",South East,Southern States Athletic Conference,NCAA D2
St. Cloud State,"Saint Cloud, Minnesota",Mid West,Northern Sun Intercollegiate Conference,NCAA D2
St. Edward's,"Austin, Texas",Mid South,Heartland Conference,NCAA D2
St. Mary's – Texas,"San Antonio, Texas",Mid South,Heartland Conference,NCAA D2
St. Thomas Aquinas College,"Sparkill, New York",North East,East Coast Conference,NCAA D2
Stonehill College,"Easton, Massachusetts",New England,Northeast-10 Conference,NCAA D2
Texas A&M International,"Laredo, Texas",Mid South,Heartland Conference,NCAA D2
Texas A&M – Commerce,"Commerce, Texas",Mid South,Lone Star Conference,NCAA D2
Texas A&M – Kingsville,"Kingsville, Texas",Mid South,Lone Star Conference,NCAA D2
COLLEGE OF SAINT ROSE,"Albany, New York",North East,Northeast-10 Conference,NCAA D2
The Virginia's College at Wise,"Wise, Virginia",Mid East,Mountain East Conference,NCAA D2
Thomas Jefferson,"Philadelphia, Pennsylvania",North East,Central Atlantic Collegiate Conference,NCAA D2
Tiffin,"Tiffin, Ohio",Great Lakes,Great Lakes Intercollegiate Athletic Conference,NCAA D2
Trevecca Nazarene,"Nashville, Tennessee",Mid East,Great Midwest Athletic Conference,NCAA D2
Truman State University,"Kirksville, Missouri",Mid West,Great Lakes Valley Conference,NCAA D2
Tusculum,"Greeneville, Tennessee",Mid East,South Atlantic Conference,NCAA D2
Tuskegee,"Tuskegee, Alabama",South East,Southern Intercollegiate Athletic Conference,NCAA D2
Union,"Jackson, Tennessee",Mid East,Gulf South Conference,NCAA D2
ALABAMA-HUNTSVILLE,"Huntsville, Alabama",South East,Gulf South Conference,NCAA D2
Alaska – Anchorage,"Anchorage, Alaska",West Coast,Great Northwest Athletic Conference,NCAA D2
Alaska – Fairbanks,"Fairbanks, Alaska",West Coast,Great Northwest Athletic Conference,NCAA D2
Arkansas – Fort Smith,"Fort Smith, Arkansas",Mid South,Heartland Conference,NCAA D2
Arkansas at Monticello,"Monticello, Arkansas",Mid South,Great American Conference,NCAA D2
Bridgeport,"Bridgeport, Connecticut",New England,East Coast Conference,NCAA D2
Central Missouri,"Warrensburg, Missouri",Mid West,Mid-America Intercollegiate Athletics Association,NCAA D2
UNIVERSITY OF CENTRAL OKLAHOMA,"Edmond, Oklahoma",Mid South,Mid-America Intercollegiate Athletics Association,NCAA D2
Charleston,"Charleston, West Virginia",Mid East,Mountain East Conference,NCAA D2
Colorado – Colorado Springs,"Colorado Springs, Colorado",South West,Rocky Mountain Athletic Conference,NCAA D2
Findlay,"Findlay, Ohio",Great Lakes,Great Lakes Intercollegiate Athletic Conference,NCAA D2
Hawaii at Hilo,"Hilo, Hawaii",West Coast,Pacific West Conference,NCAA D2
Illinois at Springfield,"Springfield, Illinois",Great Lakes,Great Lakes Valley Conference,NCAA D2
UNIVERSITY OF INDIANAPOLIS,"Indianapolis, Indiana",Great Lakes,Great Lakes Valley Conference,NCAA D2
Mary,"Bismarck, North Dakota",North West,Northern Sun Intercollegiate Conference,NCAA D2
Minnesota – Crookston,"Crookston, Minnesota",Mid West,Northern Sun Intercollegiate Conference,NCAA D2
Minnesota – Duluth,"Duluth, Minnesota",Mid West,Northern Sun Intercollegiate Conference,NCAA D2
Missouri – St. Louis,"Saint Louis, Missouri",Mid West,Great Lakes Valley Conference,NCAA D2
Montevallo,"Montevallo, Alabama",South East,Peach Belt Conference,NCAA D2
Mount Olive,"Mount Olive, North Carolina",Mid East,Conference Carolinas,NCAA D2
Nebraska at Kearney,"Kearney, Nebraska",Mid West,Mid-America Intercollegiate Athletics Association,NCAA D2
New Haven,"West Haven, Connecticut",New England,Northeast-10 Conference,NCAA D2
North Carolina at Pembroke,"Pembroke, North Carolina",Mid East,Division II Independents,NCAA D2
North Georgia,"Dahlonega, Georgia",South East,Peach Belt Conference,NCAA D2
Pittsburgh – Johnstown,"Johnstown, Pennsylvania",North East,Pennsylvania State Athletic Conference,NCAA D2
Sioux Falls,"Sioux Falls, South Dakota",North West,Northern Sun Intercollegiate Conference,NCAA D2
South Carolina Aiken,"Aiken, South Carolina",South East,Peach Belt Conference,NCAA D2
Tampa,"Tampa, Florida",South East,Sunshine State Conference,NCAA D2
Texas – Permian Basin,"Odessa, Texas",Mid South,Lone Star Conference,NCAA D2
Texas – Tyler,"Tyler, Texas",Mid South,American Southwest Conference,NCAA D2
the Sciences,"Philadelphia, Pennsylvania",North East,Central Atlantic Collegiate Conference,NCAA D2
West Alabama,"Livingston, Alabama",South East,Gulf South Conference,NCAA D2
UNIVERSITY OF WEST FLORIDA,"Pensacola, Florida",South East,Gulf South Conference,NCAA D2
West Georgia,"Carrollton, Georgia",South East,Gulf South Conference,NCAA D2
Wisconsin – Parkside,"Kenosha, Wisconsin",Great Lakes,Great Lakes Valley Conference,NCAA D2
Upper Iowa,"Fayette, Iowa",Mid West,Northern Sun Intercollegiate Conference,NCAA D2
Valdosta State,"Valdosta, Georgia",South East,Gulf South Conference,NCAA D2
Virginia State,"Petersburg, Virginia",Mid East,Central Intercollegiate Athletic Association,NCAA D2
Virginia Union University,"Richmond, Virginia",Mid East,Central Intercollegiate Athletic Association,NCAA D2
Walsh,"North Canton, Ohio",Great Lakes,Great Lakes Intercollegiate Athletic Conference,NCAA D2
Washburn,"Topeka, Kansas",Mid West,Mid-America Intercollegiate Athletics Association,NCAA D2
Wayne State College,"Wayne, Nebraska",Mid West,Northern Sun Intercollegiate Conference,NCAA D2
Wayne State,"Detroit, Michigan",Great Lakes,Great Lakes Intercollegiate Athletic Conference,NCAA D2
West Chester Pennsylvania,"West Chester, Pennsylvania",North East,Pennsylvania State Athletic Conference,NCAA D2
West Liberty,"West Liberty, West Virginia",Mid East,West Virginia Intercollegiate Athletic Conference,NCAA D2
West Texas A&M,"Canyon, Texas",Mid South,Lone Star Conference,NCAA D2
West Virginia State,"Institute, West Virginia",Mid East,West Virginia Intercollegiate Athletic Conference,NCAA D2
West Virginia Wesleyan College,"Buckhannon, West Virginia",Mid East,Mountain East Conference,NCAA D2
Western Colorado,"Gunnison, Colorado",South West,Rocky Mountain Athletic Conference,NCAA D2
Western New Mexico,"Silver City, New Mexico",South West,Lone Star Conference,NCAA D2
Western Oregon,"Monmouth, Oregon",West Coast,Great Northwest Athletic Conference,NCAA D2
Western Washington,"Bellingham, Washington",West Coast,Great Northwest Athletic Conference,NCAA D2
Westminster College – Utah,"Salt Lake City, Utah",South West,Rocky Mountain Athletic Conference,NCAA D2
Wheeling University,"Wheeling, West Virginia",Mid East,Mountain East Conference,NCAA D2
William Jewell College,"Liberty, Missouri",Mid West,Great Lakes Valley Conference,NCAA D2
Adrian College,"Adrian, Michigan",Great Lakes,Michigan Intercollegiate Athletic Association,NCAA D3
Albertus Magnus College,"New Haven, Connecticut",New England,American Southwest Conference ,NCAA D3
Albion College,"Albion, Michigan",Great Lakes,USA South Ahletic Conference ,NCAA D3
Albright College,"Reading, Pennsylvania",North East,Middle Atlantic College,NCAA D3
Alfred,"Alfred, New York",North East,Landmark Conference ,NCAA D3
Allegheny College,"Meadville, Pennsylvania",North East,North Atlantic Conference ,NCAA D3
Alma College,"Alma, Michigan",Great Lakes,American Rivers Conference ,NCAA D3
Alvernia,"Reading, Pennsylvania",North East,Middle Atlantic Confernece,NCAA D3
Amherst College,"Amherst, Massachusetts",New England,Middle Atlantic Confernece and Eastern Collegiate Athletic Conference ,NCAA D3
Anderson – Indiana,"Anderson, Indiana",Great Lakes,Landmark Conference ,NCAA D3
Anna Maria College,"Paxton, Massachusetts",New England,Great Northeast Atlantic Conference ,NCAA D3
Arcadia,"Glenside, Pennsylvania",North East,New England Women's and Men's Athletic Conference,NCAA D3
Asbury,"Wilmore, Kentucky",Mid East,National Christian College Athletics Association,NCAA D3
Augsburg College,"Minneapolis, Minnesota",Mid West,Southern Athletic Association ,NCAA D3
Augustana College – Illinois,"Rock Island, Illinois",Great Lakes,Southern Athletic Association ,NCAA D3
Aurora,"Aurora, Illinois",Great Lakes,Southern Athletic Association,NCAA D3
Austin College,"Sherman, Texas",Mid South,Northen Athletic Collegiate  Conference ,NCAA D3
Averett,"Danville, Virginia",Mid East,Continental Volleyball Conference ,NCAA D3
Babson College,"Wellesley, Massachusetts",New England,USA South Conference ,NCAA D3
Baldwin Wallace,"Berea, Ohio",Great Lakes,Ohio Athletic Conference,NCAA D3
Bard College,"Annandale-On-Hudson, New York",North East,Middle Atlantic Conference ,NCAA D3
Bates College,"Lewiston, Maine",New England,Athletic East Conference ,NCAA D3
Belhaven,"Jackson, Mississippi",Mid South,American Southwest Conference,NCAA D3
Beloit College,"Beloit, Wisconsin",Great Lakes,Middle Atlantic Conference ,NCAA D3
Benedictine,"Lisle, Illinois",Great Lakes,New England Collegiate Conference ,NCAA D3
Berea College,"Berea, Kentucky",Mid East,Athletic East Conference ,NCAA D3
Berry College,"Mount Berry, Georgia",South East,New England Collegiate Conference ,NCAA D3
Bethany College – West Virginia,"Bethany, West Virginia",Mid East,Preisdents' Athletic College,NCAA D3
Bethany Lutheran College,"Mankato, Minnesota",Mid West,North Coast Athletic Conference ,NCAA D3
Bethel – Minnesota,"Saint Paul, Minnesota",Mid West,Allegheny Mountain Collegiate Conference ,NCAA D3
Birmingham-Southern College,"Birmingham, Alabama",South East,Southern Athletic Association ,NCAA D3
Blackburn College,"Carlinville, Illinois",Great Lakes,Southern Athletic Association ,NCAA D3
Bluffton,"Bluffton, Ohio",Great Lakes,Southern Athletic Association ,NCAA D3
Bowdoin College,"Brunswick, Maine",New England,Southern Athletic Association ,NCAA D3
Brandeis,"Waltham, Massachusetts",New England,Skyline Conference,NCAA D3
Brevard College,"Brevard, North Carolina",Mid East,Massachusetts State Collegiate Athletic Conference,NCAA D3
Bridgewater College,"Bridgewater, Virginia",Mid East,Coast to Coast Conference,NCAA D3
Bridgewater State,"Bridgewater, Massachusetts",New England,Southern Athletic Conference ,NCAA D3
Buena Vista,"Storm Lake, Iowa",Mid West,Old Dominion Athletic Conference ,NCAA D3
Cabrini,"Radnor, Pennsylvania",North East,Northern Athletics Conference ,NCAA D3
Cairn,"Langhorne, Pennsylvania",North East,Middle Atlantic Conference,NCAA D3
California Institute of Technology,"Pasadena, California",West Coast,Middle Atlantic Conference,NCAA D3
California Lutheran,"Thousand Oaks, California",West Coast,Commonwealth Coast Conference ,NCAA D3
Calvin,"Grand Rapids, Michigan",Great Lakes,Southern Collegiate Athletic Conference ,NCAA D3
Capital,"Columbus, Ohio",Great Lakes,New England Women and Men's Conference ,NCAA D3
Carleton College,"Northfield, Minnesota",Mid West,Skyline Conference,NCAA D3
Carnegie Mellon,"Pittsburgh, Pennsylvania",North East,Coast to Coast Conference,NCAA D3
Carroll,"Waukesha, Wisconsin",Great Lakes,American Rivers Conference ,NCAA D3
Carthage College,"Kenosha, Wisconsin",Great Lakes,Coast to Coast Conference,NCAA D3
Case Western Reserve,"Cleveland, Ohio",Great Lakes,Landmark Conference ,NCAA D3
Castleton,"Castleton, Vermont",New England,Sun Coast Swimming Conference ,NCAA D3
Catholic America,"Washington, District Of Columbia",North East,American Rivers Conference ,NCAA D3
Cazenovia College,"Cazenovia, New York",North East,Little East Conference ,NCAA D3
CENTENARY (LA),"Shreveport, Louisiana",Mid South,Southern Collegiate Athletic Conference,NCAA D3
Centenary – New Jersey,"Hackettstown, New Jersey",North East,Colonial States Athletic Conference,NCAA D3
Central College,"Pella, Iowa",Mid West,Iowa Intercollegiate Athletic Conference,NCAA D3
Centre College,"Danville, Kentucky",Mid East,Southern Athletic Association,NCAA D3
Chapman,"Orange, California",West Coast,Southern California Intercollegiate Athletic Conference,NCAA D3
Chatham,"Pittsburgh, Pennsylvania",North East,Presidents' Athletic Conference,NCAA D3
Christopher Newport,"Newport News, Virginia",Mid East,Capital Athletic Conference,NCAA D3
Claremont-Mudd-Scripps Colleges,"Claremont, California",West Coast,"Southern California Intercollegiate Athletic Conference (Division III), Western Water Polo Association (Division III)",NCAA D3
Clark,"Worcester, Massachusetts",New England,New England Women's & Men's Athletic Conference,NCAA D3
Clarks Summit,"Clarks Summit, Pennsylvania",North East,Colonial States Athletic Conference,NCAA D3
Clarkson,"Potsdam, New York",North East,Liberty League,NCAA D3
Coe College,"Cedar Rapids, Iowa",Mid West,Iowa Intercollegiate Athletic Conference,NCAA D3
Colby College,"Waterville, Maine",New England,New England Small College Athletic Conference,NCAA D3
Colby-Sawyer College,"New London, New Hampshire",New England,North Atlantic Conference,NCAA D3
College of Mount Saint Vincent,"Bronx, New York",North East,Skyline Conference,NCAA D3
College of Wooster,"Wooster, Ohio",Great Lakes,North Coast Athletic Conference,NCAA D3
Colorado College,"Colorado Springs, Colorado",South West,Southern Collegiate Athletic Conference,NCAA D3
Concordia College – Minnesota,"Moorhead, Minnesota",Mid West,Minnesota Intercollegiate Athletic Conference,NCAA D3
Concordia – Chicago,"River Forest, Illinois",Great Lakes,Northern Athletics Collegiate Conference,NCAA D3
Concordia – Texas,"Austin, Texas",Mid South,American Southwest Conference,NCAA D3
Concordia Wisconsin,"Mequon, Wisconsin",Great Lakes,Northern Athletics Collegiate Conference,NCAA D3
Connecticut College,"New London, Connecticut",New England,New England Small College Athletic Conference,NCAA D3
Cornell College,"Mount Vernon, Iowa",Mid West,Midwest Conference,NCAA D3
Covenant College,"Lookout Mountain, Georgia",South East,USA South Athletic Conference,NCAA D3
Crown College,"Saint Bonifacius, Minnesota",Mid West,Upper Midwest Athletic Conference,NCAA D3
Culinary Institute of America,"Hyde Park, New York",North East,"Hudson Valley Men's Athletic Conference, Hudson Valley Women's Athletic Conference",NCAA D3
Curry College,"Milton, Massachusetts",New England,Commonwealth Coast Conference,NCAA D3
Dean College,"Franklin, Massachusetts",New England,Eastern Collegiate Football Conference,NCAA D3
Defiance College,"Defiance, Ohio",Great Lakes,Heartland Collegiate Athletic Conference,NCAA D3
Delaware Valley,"Doylestown, Pennsylvania",North East,Middle Atlantic Conferences,NCAA D3
Denison,"Granville, Ohio",Great Lakes,North Coast Athletic Conference,NCAA D3
DePauw,"Greencastle, Indiana",Great Lakes,North Coast Athletic Conference,NCAA D3
DeSales,"Center Valley, Pennsylvania",North East,Middle Atlantic Conference,NCAA D3
Dickinson College,"Carlisle, Pennsylvania",North East,Centennial Conference,NCAA D3
Dominican – Illinois,"River Forest, Illinois",Great Lakes,Northern Athletics Collegiate Conference,NCAA D3
Drew,"Madison, New Jersey",North East,Landmark Conference,NCAA D3
Earlham College,"Richmond, Indiana",Great Lakes,Heartland Collegiate Athletic Conference,NCAA D3
East Texas Baptist,"Marshall, Texas",Mid South,American Southwest Conference,NCAA D3
Eastern Connecticut State,"Willimantic, Connecticut",New England,Little East Conference,NCAA D3
Eastern Mennonite,"Harrisonburg, Virginia",Mid East,Old Dominion Athletic Conference,NCAA D3
Eastern Nazarene College,"Quincy, Massachusetts",New England,Commonwealth Coast Conference,NCAA D3
Eastern,"Saint Davids, Pennsylvania",North East,Middle Atlantic Conferences,NCAA D3
Edgewood College,"Madison, Wisconsin",Great Lakes,Northern Athletics Collegiate Conference,NCAA D3
Elizabethtown College,"Elizabethtown, Pennsylvania",North East,Landmark Conference,NCAA D3
Elmhurst,"Elmhurst, Illinois",Great Lakes,College Conference of Illinois and Wisconsin,NCAA D3
Elmira College,"Elmira, New York",North East,Empire 8 Athletic Conference,NCAA D3
Elms College,"Chicopee, Massachusetts",New England,New England Collegiate Conference,NCAA D3
Emerson College,"Boston, Massachusetts",New England,New England Women's & Men's Athletic Conference,NCAA D3
Emory,"Atlanta, Georgia",South East,University Athletic Association,NCAA D3
Endicott College,"Beverly, Massachusetts",New England,Commonwealth Coast Football,NCAA D3
Eureka College,"Eureka, Illinois",Great Lakes,Upper Midwest Athletic Conference,NCAA D3
Fairleigh Dickinson – College at Florham,"Madison, New Jersey",North East,Middle Atlantic Conferences,NCAA D3
Ferrum College,"Ferrum, Virginia",Mid East,USA South Athletic Conference,NCAA D3
Finlandia,"Hancock, Michigan",Great Lakes,Coast to Coast Athletic Conference ,NCAA D3
Fitchburg State,"Fitchburg, Massachusetts",New England,Commonwealth Coast Football,NCAA D3
Fontbonne,"St. Louis, Missouri",Mid West,St. Louis Intercollegiate Athletic Conference,NCAA D3
Framingham State,"Framingham, Massachusetts",New England,Massachusetts State Collegiate Athletic Conference,NCAA D3
Franciscan Steubenville,"Steubenville, Ohio",Great Lakes,Allegheny Mountain Collegiate Conference,NCAA D3
Franklin & Marshall College,"Lancaster, Pennsylvania",North East,Centennial Conference,NCAA D3
Franklin College,"Franklin, Indiana",Great Lakes,Heartland Collegiate Athletic Conference,NCAA D3
Gallaudet,"Washington, District Of Columbia",North East,Eastern Collegiate Football Conference,NCAA D3
Geneva College,"Beaver Falls, Pennsylvania",North East,Presidents' Athletic Conference,NCAA D3
George Fox,"Newberg, Oregon",West Coast,Northwest Conference,NCAA D3
Gettysburg College,"Gettysburg, Pennsylvania",North East,Centennial Conference,NCAA D3
Gordon College,"Wenham, Massachusetts",New England,Commonwealth Coast Conference,NCAA D3
Goucher College,"Baltimore, Maryland",North East,Landmark Conference,NCAA D3
Greensboro College,"Greensboro, North Carolina",Mid East,USA South Athletic Conference,NCAA D3
Greenville,"Greenville, Illinois",Great Lakes,Upper Midwest Athletic Conference,NCAA D3
Grinnell College,"Grinnell, Iowa",Mid West,Midwest Conference,NCAA D3
Grove City College,"Grove City, Pennsylvania",North East,Presidents' Athletic Conference,NCAA D3
Guilford College,"Greensboro, North Carolina",Mid East,Old Dominion Athletic Conference,NCAA D3
Gustavus Adolphus College,"Saint Peter, Minnesota",Mid West,Minnesota Intercollegiate Athletic Conference,NCAA D3
Gwynedd Mercy,"Gwynedd Valley, Pennsylvania",North East,Colonial States Athletic Conference,NCAA D3
Hamilton College,"Clinton, New York",North East,New England Small College Athletic Conference,NCAA D3
Hamline,"Saint Paul, Minnesota",Mid West,Minnesota Intercollegiate Athletic Conference,NCAA D3
Hampden-Sydney College,"Hampden Sydney, Virginia",Mid East,Old Dominion Athletic Conference,NCAA D3
Hanover College,"Hanover, Indiana",Great Lakes,Heartland Collegiate Athletic Conference,NCAA D3
Hardin-Simmons,"Abilene, Texas",Mid South,American Southwest Conference,NCAA D3
Hartwick College,"Oneonta, New York",North East,Empire 8 Athletic Conference,NCAA D3
Haverford College,"Haverford, Pennsylvania",North East,Centennial Conference,NCAA D3
Heidelberg,"Tiffin, Ohio",Great Lakes,Ohio Athletic Conference,NCAA D3
Hendrix College,"Conway, Arkansas",Mid South,Southern Athletic Association,NCAA D3
Hilbert College,"Hamburg, New York",North East,Allegheny Mountain Collegiate Conference,NCAA D3
Hiram College,"Hiram, Ohio",Great Lakes,North Coast Athletic Conference,NCAA D3
Hobart & William Smith College,"Geneva, New York",North East,Liberty League (Division III),NCAA D3
Hood College,"Frederick, Maryland",North East,MAC Commonwealth Conference,NCAA D3
Hope College,"Holland, Michigan",Great Lakes,Michigan Intercollegiate Athletic Association,NCAA D3
Houghton College,"Houghton, New York",North East,Empire 8 Athletic Conference,NCAA D3
Howard Payne,"Brownwood, Texas",Mid South,American Southwest Conference,NCAA D3
Huntingdon College,"Montgomery, Alabama",South East,USA South Athletic Conference,NCAA D3
Husson,"Bangor, Maine",New England,Eastern Collegiate Football Conference,NCAA D3
Illinois College,"Jacksonville, Illinois",Great Lakes,Midwest Conference,NCAA D3
Illinois Institute of Technology,"Chicago, Illinois",Great Lakes,Division III Independents,NCAA D3
Illinois Wesleyan,"Bloomington, Illinois",Great Lakes,College Conference of Illinois and Wisconsin,NCAA D3
Immaculata,Pennsylvania,North East,Colonial States Athletic Conference,NCAA D3
Ithaca College,"Ithaca, New York",North East,Liberty League,NCAA D3
John Carroll,"University Heights, Ohio",Great Lakes,Ohio Athletic Conference,NCAA D3
Johns Hopkins,"Baltimore, Maryland",North East,Centennial Conference,NCAA D3
Johnson & Wales – Providence,"Providence, Rhode Island",New England,Great Northeast Athletic Conference,NCAA D3
Juniata College,"Huntingdon, Pennsylvania",North East,Centennial Conference,NCAA D3
Kalamazoo College,"Kalamazoo, Michigan",Great Lakes,Michigan Intercollegiate Athletic Association,NCAA D3
Kean,"Union, New Jersey",North East,New Jersey Athletic Conference,NCAA D3
Keene State College,"Keene, New Hampshire",New England,Little East Conference,NCAA D3
Kenyon College,"Gambier, Ohio",Great Lakes,Southern Athletic Association ,NCAA D3
Keuka College,"Keuka Park, New York",North East,Empire 8,NCAA D3
Keystone College,"La Plume, Pennsylvania",North East,Colonial States Athletic Conference,NCAA D3
King's College – Pennsylvania,"Wilkes-Barre, Pennsylvania",North East,Division III Independents,NCAA D3
Knox College,"Galesburg, Illinois",Great Lakes,Midwest Conference,NCAA D3
La Roche,"Pittsburgh, Pennsylvania",North East,Division III Independents,NCAA D3
LaGrange College,"LaGrange, Georgia",South East,USA South Athletic Conference,NCAA D3
Lake Forest College,"Lake Forest, Illinois",Great Lakes,Midwest Conference,NCAA D3
Lakeland,"Plymouth, Wisconsin",Great Lakes,Northern Athletics Collegiate Conference,NCAA D3
Lancaster Bible College,"Lancaster, Pennsylvania",North East,United East Conference ,NCAA D3
Lasell,"Newton, Massachusetts",New England,Great Northeast Athletic Conference,NCAA D3
Lawrence,"Appleton, Wisconsin",Great Lakes,Midwest Conference,NCAA D3
Lebanon Valley College,"Annville, Pennsylvania",North East,Middle Atlantic Conference ,NCAA D3
Lesley,"Cambridge, Massachusetts",New England,New England Collegiate Conference,NCAA D3
Lewis & Clark College,"Portland, Oregon",West Coast,Northwest Conference,NCAA D3
Linfield,"McMinnville, Oregon",West Coast,Northwest Conference,NCAA D3
Loras College,"Dubuque, Iowa",Mid West,Iowa Intercollegiate Athletic Conference,NCAA D3
Luther College,"Decorah, Iowa",Mid West,Iowa Intercollegiate Athletic Conference,NCAA D3
Lycoming College,"Williamsport, Pennsylvania",North East,Middle Atlantic Conferences,NCAA D3
Macalester College,"Saint Paul, Minnesota",Mid West,Midwest Conference,NCAA D3
Maine Maritime Academy,"Castine, Maine",New England,New England Women's & Men's Athletic Conference,NCAA D3
Manchester,"North Manchester, Indiana",Great Lakes,Heartland Collegiate Athletic Conference,NCAA D3
Manhattanville College,"Purchase, New York",North East,MAC Freedom Conference,NCAA D3
Maranatha Baptist,"Watertown, Wisconsin",Great Lakes,Independent Midwest Region,NCAA D3
Marian – Wisconsin,"Fond du Lac, Wisconsin",Great Lakes,Northern Athletics Collegiate Conference,NCAA D3
Marietta College,"Marietta, Ohio",Great Lakes,Ohio Athletic Conference,NCAA D3
Martin Luther College,"New Ulm, Minnesota",Mid West,Upper Midwest Athletic Conference,NCAA D3
Mary Baldwin,"Staunton, Virginia",Mid East,USA South Athletic Conference,NCAA D3
Marymount,"Arlington, Virginia",Mid East,Capital Athletic Conference,NCAA D3
Maryville College,"Maryville, Tennessee",Mid East,USA South Athletic Conference,NCAA D3
Marywood,"Scranton, Pennsylvania",North East,Colonial States Athletic Conference,NCAA D3
Massachusetts College of Liberal Arts,"North Adams, Massachusetts",New England,Massachusetts State Collegiate Athletic Conference,NCAA D3
Massachusetts Institute of Technology – MIT,"Cambridge, Massachusetts",New England,New England Women's & Men's Athletic Conference,NCAA D3
McDaniel College,"Westminster, Maryland",North East,Centennial Conference,NCAA D3
McMurry,"Abilene, Texas",Mid South,American Southwest Conference,NCAA D3
Medaille College,"Buffalo, New York",North East,Allegheny Mountain Collegiate Conference,NCAA D3
Messiah,"Mechanicsburg, Pennsylvania",North East,Middle Atlantic Conference,NCAA D3
Methodist,"Fayetteville, North Carolina",Mid East,USA South Athletic Conference,NCAA D3
Middlebury College,"Middlebury, Vermont",New England,New England Small College Athletic Conference,NCAA D3
Millikin,"Decatur, Illinois",Great Lakes,College Conference of Illinois and Wisconsin,NCAA D3
Millsaps College,"Jackson, Mississippi",Mid South,Southern Athletic Association,NCAA D3
Milwaukee School of Engineering,"Milwaukee, Wisconsin",Great Lakes,Northern Athletics Collegiate Conference,NCAA D3
Misericordia,"Dallas, Pennsylvania",North East,Middle Atlantic Conferences,NCAA D3
Mitchell College,"New London, Connecticut",New England,New England Collegiate Conference,NCAA D3
Monmouth College,"Monmouth, Illinois",Great Lakes,Midwest Conference,NCAA D3
Montclair State,"Montclair, New Jersey",North East,New Jersey Athletic Conference,NCAA D3
Moravian,"Bethlehem, Pennsylvania",North East,Centennial Conference,NCAA D3
Mount Aloysius College,"Cresson, Pennsylvania",North East,Allegheny Mountain Collegiate Conference,NCAA D3
Mount Saint Mary College – New York,"Newburgh, New York",North East,Skyline Conference,NCAA D3
Mount St. Joseph,"Cincinnati, Ohio",Great Lakes,Heartland Collegiate Athletic Conference,NCAA D3
Muhlenberg College,"Allentown, Pennsylvania",North East,Centennial Conference,NCAA D3
Muskingum,"New Concord, Ohio",Great Lakes,Ohio Athletic Conference,NCAA D3
Nazareth College,"Rochester, New York",North East,Empire 8 Athletic Conference,NCAA D3
Nebraska Wesleyan,"Lincoln, Nebraska",Mid West,Iowa Intercollegiate Athletic Conference,NCAA D3
Neumann,"Aston, Pennsylvania",North East,Colonial States Athletic Conference,NCAA D3
New England College,"Henniker, New Hampshire",New England,North Atlantic Conference,NCAA D3
New Jersey City,"Jersey City, New Jersey",North East,Eastern College Athletic Conference,NCAA D3
New York,"New York, New York",North East,University Athletic Association,NCAA D3
Nichols College,"Dudley, Massachusetts",New England,Commonwealth Coast Football,NCAA D3
North Carolina Wesleyan College,"Rocky Mount, North Carolina",Mid East,USA South Athletic Conference,NCAA D3
North Central College,"Naperville, Illinois",Great Lakes,College Conference of Illinois and Wisconsin,NCAA D3
North Central,"Minneapolis, Minnesota",Mid West,Upper Midwest Athletic Conference,NCAA D3
North Park,"Chicago, Illinois",Great Lakes,College Conference of Illinois and Wisconsin,NCAA D3
Northern Vermont – Johnson,"Johnson, Vermont",New England,North Atlantic Conference,NCAA D3
Northern Vermont – Lyndon,"Lyndonville, Vermont",New England,North Atlantic Conference,NCAA D3
Northland College,"Ashland, Wisconsin",Great Lakes,Upper Midwest Athletic Conference,NCAA D3
Norwich,"Northfield, Vermont",New England,New England Women's & Men's Athletic Conference,NCAA D3
Oberlin College,"Oberlin, Ohio",Great Lakes,North Coast Athletic Conference,NCAA D3
Occidental College,"Los Angeles, California",West Coast,Southern California Intercollegiate Athletic Conference,NCAA D3
Oglethorpe,"Atlanta, Georgia",South East,Southern Athletic Association,NCAA D3
Ohio Northern,"Ada, Ohio",Great Lakes,Ohio Athletic Conference,NCAA D3
Ohio Wesleyan,"Delaware, Ohio",Great Lakes,North Coast Athletic Conference,NCAA D3
Olivet College,"Olivet, Michigan",Great Lakes,Michigan Intercollegiate Athletic Association,NCAA D3
Otterbein,"Westerville, Ohio",Great Lakes,Ohio Athletic Conference,NCAA D3
Pacific Lutheran,"Tacoma, Washington",West Coast,Division III Independents,NCAA D3
Pacific,"Forest Grove, Oregon",West Coast,Northwest Conference,NCAA D3
Penn State Abington,"Abington, Pennsylvania",North East,North Eastern Athletic Conference,NCAA D3
Penn State Altoona,"Altoona, Pennsylvania",North East,Allegheny Mountain Collegiate Conference,NCAA D3
Penn State Berks,"Reading, Pennsylvania",North East,United East,NCAA D3
Penn State Erie – The Behrend College,"Erie, Pennsylvania",North East,Allegheny Mountain Collegiate Conference,NCAA D3
Penn State Harrisburg,"Middletown, Pennsylvania",North East,United East,NCAA D3
Pennsylvania College of Technology,"Williamsport, Pennsylvania",North East,United East,NCAA D3
Pfeiffer,"Misenheimer, North Carolina",Mid East,USA South Athletic Conference,NCAA D3
Piedmont,"Demorest, Georgia",South East,USA South Athletic Conference,NCAA D3
Plymouth State,"Plymouth, New Hampshire",New England,Massachusetts State Collegiate Athletic Conference,NCAA D3
Pomona-Pitzer Colleges,"Claremont, California",West Coast,Southern California Intercollegiate Athletic Conference,NCAA D3
Pratt Institute,"Brooklyn, New York",North East,ECAC Hockey (Division III),NCAA D3
Principia College,"Elsah, Illinois",Great Lakes,St. Louis Intercollegiate Athletic Conference,NCAA D3
Ramapo College of New Jersey,"Mahwah, New Jersey",North East,New Jersey Athletic Conference,NCAA D3
Randolph College,"Lynchburg, Virginia",Mid East,Old Dominion Athletic Conference,NCAA D3
Randolph-Macon College,"Ashland, Virginia",Mid East,Old Dominion Athletic Conference,NCAA D3
Regis College,"Weston, Massachusetts",New England,Great Northeast Athletic Conference,NCAA D3
Rensselaer Polytechnic Institute – RPI,"Troy, New York",North East,Liberty League,NCAA D3
Rhode Island College,"Providence, Rhode Island",New England,Little East Conference,NCAA D3
Rhodes College,"Memphis, Tennessee",Mid East,Southern Athletic Association,NCAA D3
Ripon College,"Ripon, Wisconsin",Great Lakes,Midwest Conference,NCAA D3
Rivier,"Nashua, New Hampshire",New England,Great Northeast Athletic Conference,NCAA D3
Roanoke College,"Salem, Virginia",Mid East,Old Dominion Athletic Conference,NCAA D3
Rochester Institute of Technology,"Rochester, New York",North East,Liberty League,NCAA D3
Rockford,"Rockford, Illinois",Great Lakes,Northern Athletics Collegiate Conference,NCAA D3
Roger Williams,"Bristol, Rhode Island",New England,Commonwealth Coast Conference,NCAA D3
Rose-Hulman Institute of Technology,"Terre Haute, Indiana",Great Lakes,Heartland Collegiate Athletic Conference,NCAA D3
Rosemont College,"Rosemont, Pennsylvania",North East,Colonial States Athletic Conference,NCAA D3
Rowan,"Glassboro, New Jersey",North East,New Jersey Athletic Conference,NCAA D3
Russell Sage College,"Troy, New York",North East,Empire 8 Athletic Conference,NCAA D3
Rutgers – Newark,"Newark, New Jersey",North East,New Jersey Athletic Conference; Eastern College Athletic Conference; Eastern Intercollegiate Volleyball Association,NCAA D3
Saint Elizabeth,"Morristown, New Jersey",North East,North Eastern Athletic Conference,NCAA D3
Saint John's – Minnesota,"Collegeville, Minnesota",Mid West,Minnesota Intercollegiate Athletic Conference,NCAA D3
Saint Joseph's College of Maine,"Standish, Maine",New England,Great Northeast Athletic Conference,NCAA D3
Saint Mary's Minnesota,"Winona, Minnesota",Mid West,Minnesota Intercollegiate Athletic Conference,NCAA D3
SAINT VINCENT COLLEGE,"Latrobe, Pennsylvania",North East,Presidents' Athletic Conference,NCAA D3
Salem State,"Salem, Massachusetts",New England,Massachusetts State Collegiate Athletic Conference,NCAA D3
Salisbury,"Salisbury, Maryland",North East,Empire 8 Athletic Conference,NCAA D3
Salve Regina,"Newport, Rhode Island",New England,Commonwealth Coast Conference ,NCAA D3
Sarah Lawrence College,"Bronxville, New York",North East,Skyline Conference,NCAA D3
Schreiner,"Kerrville, Texas",Mid South,Southern Collegiate Athletic Conference,NCAA D3
Sewanee – The the South,"Sewanee, Tennessee",Mid East,Southern Athletic Association,NCAA D3
Shenandoah,"Winchester, Virginia",Mid East,Old Dominion Athletic Conference,NCAA D3
Simpson College,"Indianola, Iowa",Mid West,Iowa Intercollegiate Athletic Conference,NCAA D3
Skidmore College,"Saratoga Springs, New York",North East,Liberty League,NCAA D3
Southern Virginia,"Buena Vista, Virginia",Mid East,USA South,NCAA D3
Southwestern,"Georgetown, Texas",Mid South,Southern Collegiate Athletic Conference,NCAA D3
Spalding,"Louisville, Kentucky",Mid East,St. Louis Intercollegiate Athletic Conference,NCAA D3
Springfield College,"Springfield, Massachusetts",New England,"ECAC (Division III, Football I-AA), Eastern Intercollegiate Volleyball Association (Division III), Empire Eight (Division III), New England College Wrestling Association (Division III), New England Women's and Men's Athletic Conference (Division III), Pilgrim League (Division III)",NCAA D3
St. John Fisher College,"Rochester, New York",North East,Empire 8,NCAA D3
St. Joseph's College – Brooklyn,"Brooklyn, New York",North East,Skyline Conference,NCAA D3
St. Joseph's College – Long Island,"Patchogue, New York",North East,"Skyline Conference, Eastern College Athletic Conference",NCAA D3
St. Lawrence,"Canton, New York",North East,Liberty League,NCAA D3
St. Mary's College of Maryland,"St. Mary's City, Maryland",North East,United East ,NCAA D3
St. Norbert College,"De Pere, Wisconsin",Great Lakes,Midwest Conference,NCAA D3
St. Olaf College,"Northfield, Minnesota",Mid West,Minnesota Intercollegiate Athletic Conference,NCAA D3
Stevens Institute of Technology,"Hoboken, New Jersey",North East,Empire 8 Athletic Conference,NCAA D3
Stevenson,"Stevenson, Maryland",North East,Middle Atlantic Conference,NCAA D3
Stockton,"Galloway, New Jersey",North East,New Jersey Athletic Conference,NCAA D3
Suffolk,"Boston, Massachusetts",New England,Great Northeast Athletic Conference,NCAA D3
Sul Ross State,"Alpine, Texas",Mid South,American Southwest Conference,NCAA D3
SUNY Buffalo State College,"Buffalo, New York",North East,Empire 8 Athletic Conference,NCAA D3
SUNY Canton,"Canton, New York",North East,Independent,NCAA D3
SUNY College at Brockport,"Brockport, New York",North East,Empire 8 Athletic Conference,NCAA D3
SUNY College at Old Westbury,"Old Westbury, New York",North East,Skyline Conference,NCAA D3
SUNY College at Oneonta,"Oneonta, New York",North East,State University of New York Athletic Conference,NCAA D3
SUNY College of Agriculture & Technology at Cobleskill,"Cobleskill, New York",North East,North Atlantic Conference ,NCAA D3
SUNY Cortland,"Cortland, New York",North East,State University of New York Athletic Conference,NCAA D3
SUNY Farmingdale State College,"Farmingdale, New York",North East,Skyline Conference,NCAA D3
SUNY Fredonia,"Fredonia, New York",North East,State University of New York Athletic Conference,NCAA D3
SUNY Geneseo,"Geneseo, New York",North East,State University of New York Athletic Conference,NCAA D3
SUNY Maritime College,"Throggs Neck, New York",North East,Eastern Collegiate Football Conference,NCAA D3
SUNY Morrisville,"Morrisville, New York",North East,United East,NCAA D3
SUNY New Paltz,"New Paltz, New York",North East,State University of New York Athletic Conference,NCAA D3
SUNY Oswego,"Oswego, New York",North East,State University of New York Athletic Conference,NCAA D3
SUNY Plattsburgh,"Plattsburgh, New York",North East,State University of New York Athletic Conference,NCAA D3
SUNY Potsdam,"Potsdam, New York",North East,State University of New York Athletic Conference,NCAA D3
SUNY Purchase College,"Purchase, New York",North East,Skyline Conference,NCAA D3
Susquehanna,"Selinsgrove, Pennsylvania",North East,Centennial Conference,NCAA D3
Swarthmore College,"Swarthmore, Pennsylvania",North East,Centennial Conference,NCAA D3
Texas Lutheran,"Seguin, Texas",Mid South,Southern Collegiate Athletic Conference,NCAA D3
The College of New Jersey,"Ewing, New Jersey",North East,New Jersey Athletic Conference,NCAA D3
The College of St. Scholastica,"Duluth, Minnesota",Mid West,Upper Midwest Athletic Conference,NCAA D3
Thiel College,"Greenville, Pennsylvania",North East,Presidents' Athletic Conference,NCAA D3
Thomas College,"Waterville, Maine",New England,North Atlantic Conference,NCAA D3
Transylvania,"Lexington, Kentucky",Mid East,Heartland Collegiate Athletic Conference,NCAA D3
Trine,"Angola, Indiana",Great Lakes,Michigan Intercollegiate Athletic Association,NCAA D3
Trinity College – Connecticut,"Hartford, Connecticut",New England,New England Small College Athletic Conference,NCAA D3
Trinity – Texas,"San Antonio, Texas",Mid South,Southern Athletic Association,NCAA D3
Tufts,"Medford, Massachusetts",New England,New England Small College Athletic Conference,NCAA D3
Union College – New York,"Schenectady, New York",North East,Liberty League,NCAA D3
United States Coast Guard Academy,"New London, Connecticut",New England,New England Women's & Men's Athletic Conference,NCAA D3
United States Merchant Marine Academy,"Kings Point, New York",North East,New England Women's & Men's Athletic Conference,NCAA D3
California – Santa Cruz,"Santa Cruz, California",West Coast,Division III Independents,NCAA D3
Chicago,"Chicago, Illinois",Great Lakes,Midwest Conference,NCAA D3
Dallas,"Irving, Texas",Mid South,Southern Collegiate Athletic Conference,NCAA D3
Dubuque,"Dubuque, Iowa",Mid West,Iowa Intercollegiate Athletic Conference,NCAA D3
University of Hartford,"West Hartford, Connecticut",New England,America East Conference,NCAA D3
La Verne,"La Verne, California",West Coast,Southern California Intercollegiate Athletic Conference,NCAA D3
Lynchburg,"Lynchburg, Virginia",Mid East,Old Dominion Athletic Conference,NCAA D3
Maine at Farmington,"Farmington, Maine",New England,North Atlantic Conference,NCAA D3
Maine at Presque Isle,"Presque Isle, Maine",New England,North Atlantic Conference ,NCAA D3
Mary Hardin-Baylor,"Belton, Texas",Mid South,American Southwest Conference,NCAA D3
Mary Washington,"Fredericksburg, Virginia",Mid East,Capital Athletic Conference,NCAA D3
Massachusetts – Boston,"Boston, Massachusetts",New England,Little East Conference,NCAA D3
Massachusetts – Dartmouth,"North Dartmouth, Massachusetts",New England,Massachusetts State Collegiate Athletic Conference,NCAA D3
Minnesota – Morris,"Morris, Minnesota",Mid West,Upper Midwest Athletic Conference,NCAA D3
Mount Union,"Alliance, Ohio",Great Lakes,Ohio Athletic Conference,NCAA D3
New England,"Biddeford, Maine",New England,Commonwealth Coast Conference,NCAA D3
Northwestern – St. Paul,"Saint Paul, Minnesota",Mid West,Upper Midwest Athletic Conference,NCAA D3
Pittsburgh – Bradford,"Bradford, Pennsylvania",North East,Allegheny Mountain Collegiate Conference,NCAA D3
Pittsburgh – Greensburg,"Greensburg, Pennsylvania",North East,Allegheny Mountain Collegiate Conference,NCAA D3
Puget Sound,"Tacoma, Washington",West Coast,Northwest Conference,NCAA D3
Redlands,"Redlands, California",West Coast,Southern California Intercollegiate Athletic Conference,NCAA D3
Rochester,"Rochester, New York",North East,University Athletic Association,NCAA D3
Saint Joseph,"West Hartford, Connecticut",New England,Great Northeast Athletic Conference,NCAA D3
Scranton,"Scranton, Pennsylvania",North East,Landmark Conference,NCAA D3
Southern Maine,"Portland, Maine",New England,Little East Conference,NCAA D3
St. Thomas – Texas,"Houston, Texas",Mid South,Red River Athletic Conference,NCAA D3
Texas at Dallas,"Richardson, Texas",Mid South,American Southwest Conference,NCAA D3
the Ozarks,"Clarksville, Arkansas",Mid South,American Southwest Conference,NCAA D3
Wisconsin – Eau Claire,"Eau Claire, Wisconsin",Great Lakes,Wisconsin Intercollegiate Athletic Conference,NCAA D3
Wisconsin – La Crosse,"La Crosse, Wisconsin",Great Lakes,Wisconsin Intercollegiate Athletic Conference,NCAA D3
Wisconsin – Oshkosh,"Oshkosh, Wisconsin",Great Lakes,Wisconsin Intercollegiate Athletic Conference,NCAA D3
Wisconsin – Platteville,"Platteville, Wisconsin",Great Lakes,Wisconsin Intercollegiate Athletic Conference,NCAA D3
Wisconsin – River Falls,"River Falls, Wisconsin",Great Lakes,Wisconsin Intercollegiate Athletic Conference,NCAA D3
UNIVERSITY OF WISCONSIN-STEVENS POINT,"Stevens Point, Wisconsin",Great Lakes,Wisconsin Intercollegiate Athletic Conference,NCAA D3
Wisconsin – Stout,"Menomonie, Wisconsin",Great Lakes,Wisconsin Intercollegiate Athletic Conference,NCAA D3
Wisconsin – Superior,"Superior, Wisconsin",Great Lakes,UMAC,NCAA D3
Wisconsin – Whitewater,"Whitewater, Wisconsin",Great Lakes,Wisconsin Intercollegiate Athletic Conference,NCAA D3
Ursinus College,"Collegeville, Pennsylvania",North East,Centennial Conference,NCAA D3
Utica College,"Utica, New York",North East,Empire 8 Athletic Conference,NCAA D3
Vassar College,"Poughkeepsie, New York",North East,Liberty League,NCAA D3
Virginia Wesleyan,"Norfolk, Virginia",Mid East,Old Dominion Athletic Conference,NCAA D3
Wabash College,"Crawfordsville, Indiana",Great Lakes,North Coast Athletic Conference,NCAA D3
Warren Wilson College,"Swannanoa, North Carolina",Mid East,Eastern Metro Athletic Conference,NCAA D3
Wartburg College,"Waverly, Iowa",Mid West,Iowa Intercollegiate Athletic Conference,NCAA D3
Washington & Jefferson College,"Washington, Pennsylvania",North East,Presidents' Athletic Conference,NCAA D3
Washington & Lee,"Lexington, Virginia",Mid East,Old Dominion Athletic Conference,NCAA D3
Washington College,"Chestertown, Maryland",North East,Centennial Conference,NCAA D3
Washington in St. Louis,"Saint Louis, Missouri",Mid West,University Athletic Association,NCAA D3
Waynesburg,"Waynesburg, Pennsylvania",North East,Presidents' Athletic Conference,NCAA D3
Webster,"Saint Louis, Missouri",Mid West,St. Louis Intercollegiate Athletic Conference,NCAA D3
Wells College,"Aurora, New York",North East,United East ,NCAA D3
Wentworth Institute of Technology,"Boston, Massachusetts",New England,Commonwealth Coast Conference,NCAA D3
Wesleyan,"Middletown, Connecticut",New England,New England Small College Athletic Conference,NCAA D3
Western Connecticut State,"Danbury, Connecticut",New England,MASAC,NCAA D3
Western New England,"Springfield, Massachusetts",New England,Commonwealth Coast Conference ,NCAA D3
Westfield State,"Westfield, Massachusetts",New England,MSCAC,NCAA D3
Westminster College – Missouri,"Fulton, Missouri",Mid West,Upper Midwest Athletic Conference,NCAA D3
Westminster College – Pennsylvania,"New Wilmington, Pennsylvania",North East,Presidents' Athletic Conference,NCAA D3
Wheaton College – Illinois,"Wheaton, Illinois",Great Lakes,College Conference of Illinois and Wisconsin,NCAA D3
Wheaton College – Massachusetts,"Norton, Massachusetts",New England,New England Women's & Men's Athletic Conference,NCAA D3
Whitman College,"Walla Walla, Washington",West Coast,Northwest Conference,NCAA D3
Whittier College,"Whittier, California",West Coast,Southern California Intercollegiate Athletic Conference,NCAA D3
Whitworth,"Spokane, Washington",West Coast,Northwest Conference,NCAA D3
Widener,"Chester, Pennsylvania",North East,Middle Atlantic Conferences,NCAA D3
Wilkes,"Wilkes-Barre, Pennsylvania",North East,Middle Atlantic Conferences,NCAA D3
Willamette,"Salem, Oregon",West Coast,Northwest Conference,NCAA D3
WILLIAM PATERSON UNIVERSITY,"Wayne, New Jersey",North East,New Jersey Athletic Conference,NCAA D3
William Peace,"Raleigh, North Carolina",Mid East,USA South Athletic Conference,NCAA D3
Williams College,"Williamstown, Massachusetts",New England,New England Small College Athletic Conference,NCAA D3
Blinn College,,,,Community College/Not Listed
Xavier,,,,NCAA D1
INDIAN HILLS COMMUNITY COLLEGE,,,,Community College/Not Listed
OKALOOSA-WALTON COMMUNITY COLLEGE,,,,Community College/Not Listed
Yale,,,,NCAA D1
WINGATE UNIVERSITY,,,,NCAA D2
BUTLER COUNTY COMMUNITY COLLEGE,,,,Community College/Not Listed
MIDLAND COLLEGE,,,,Community College/Not Listed
ROBERT MORRIS UNIVERSITY (IL),,,,Community College/Not Listed
TRINITY VALLEY CC,,,,Community College/Not Listed
TYLER JUNIOR COLLEGE,,,,Community College/Not Listed
VANIER COLLEGE,,,,Community College/Not Listed
WESTCHESTER CC,,,,Community College/Not Listed
MERIDIAN COMMUNITY COLLEGE,,,,Community College/Not Listed
MOBERLY AREA COMMUNITY COLLEGE,,,,Community College/Not Listed
MASTER'S COLLEGE,,,,Community College/Not Listed
WRIGHT STATE UNIVERSITY,,,,NCAA D1
BARTON COUNTY COMMUNITY COLLEGE,,,,Community College/Not Listed
NORTHEAST MISSISSIPPI COMMUNITY COLLEGE,,,,Community College/Not Listed
NEW MEXICO MILITARY INSTITUTE,,,,Community College/Not Listed
JOHN A. LOGAN COLLEGE,,,,Community College/Not Listed
SOUTHEASTERN ILLINOIS COLLEGE,,,,Community College/Not Listed
BRIGHAM YOUNG UNIVERSITY HAWAII,,,,NCAA D2
